{
  "2016preVFP_UL": {
    "0": [0.873000, 0.075000],
    "1": [0.748000, 0.058000],
    "2": [0.802000, 0.050000],
    "3": [0.764000, 0.052000]
  },
  "2016postVFP_UL": {
    "0": [0.846000, 0.077000],
    "1": [0.903000, 0.070000],
    "2": [0.873000, 0.057000],
    "3": [0.940000, 0.064000]
  },
  "2017_UL": {
    "0": [1.004000, 0.057000],
    "1": [1.033000, 0.057000],
    "2": [1.180000, 0.051000],
    "3": [0.956000, 0.053000]
  },
  "2018_UL": {
    "0": [0.971000, 0.045000],
    "1": [0.984000, 0.046000],
    "2": [1.072000, 0.039000],
    "3": [1.088000, 0.047000]
  },
  "Run3Summer22": {
    "0": [0.803000, 0.071000],
    "1": [0.795000, 0.065000],
    "2": [0.926000, 0.069000],
    "3": [0.969000, 0.075000]
  },
  "Run3Summer22EE": {
    "0": [0.833000, 0.046000],
    "1": [0.848000, 0.040000],
    "2": [1.007000, 0.043000],
    "3": [0.950000, 0.046000]
  },
  "Run3Summer23": {
    "0": [0.779000, 0.047000],
    "1": [0.885000, 0.048000],
    "2": [0.845000, 0.045000],
    "3": [0.885000, 0.050000]
  },
  "Run3Summer23BPix": {
    "0": [0.797000, 0.064000],
    "1": [0.821000, 0.058000],
    "2": [0.843000, 0.059000],
    "3": [0.802000, 0.064000]
  }
}