{
  "2016preVFP_UL": {
    "0": [0.073000, 0.046000],
    "1": [0.065000, 0.037000],
    "2": [0.120000, 0.051000],
    "3": [0.195000, 0.050000]
  },
  "2016postVFP_UL": {
    "0": [0.068000, 0.043000],
    "1": [0.064000, 0.037000],
    "2": [0.122000, 0.048000],
    "3": [0.195000, 0.050000]
  },
  "2017_UL": {
    "0": [0.101000, 0.061000],
    "1": [0.111000, 0.067000],
    "2": [0.194000, 0.080000],
    "3": [0.377000, 0.094000]
  },
  "2018_UL": {
    "0": [0.118000, 0.072000],
    "1": [0.127000, 0.073000],
    "2": [0.225000, 0.092000],
    "3": [0.410000, 0.100000]
  },
  "Run3Summer22": {
    "0": [0.022000, 0.017000],
    "1": [0.025000, 0.016000],
    "2": [0.066000, 0.027000],
    "3": [0.099000, 0.026000]
  },
  "Run3Summer22EE": {
    "0": [0.041000, 0.031000],
    "1": [0.049000, 0.036000],
    "2": [0.120000, 0.046000],
    "3": [0.189000, 0.042000]
  },
  "Run3Summer23": {
    "0": [0.028000, 0.023000],
    "1": [0.037000, 0.026000],
    "2": [0.099000, 0.039000],
    "3": [0.165000, 0.038000]
  },
  "Run3Summer23BPix": {
    "0": [0.027000, 0.016000],
    "1": [0.024000, 0.021000],
    "2": [0.065000, 0.027000],
    "3": [0.113000, 0.030000]
  }
}