{
    "DYJetsToLL":{
	"M10to50": 5075.3797,
	"M50"    :34451.2441
    },
    "HTbinnedWJets":{
	"70to100"   :   52100.910,
	"100to200"  :   41127.174,
	"200to400"  :  172265.183,
	"400to600"  :  163821.083,
	"600to800"  :  708793.021,
	"800to1200" : 1481985.193,
	"1200to2500": 5602003.457,
	"2500toInf" :79396214.989
    },
    "QCD_MuEnriched":{
	"20to30"   :      23.893,
	"30to50"   :      42.906,
	"50to80"   :     105.880,
	"80to120"  :     508.715,
	"120to170" :    1802.854,
	"170to300" :   10265.815,
	"300to470" :   95249.242,
	"470to600" :  656872.156,
	"600to800" : 2060827.812,
	"800to1000":11337379.457
    },
    "QCD_EMEnriched":{
	"15to20"   :   5.96666541,
	"20to30"   :   2.92664338,
	"30to50"   :   1.33001225,
	"50to80"   :   5.28031791,
	"80to120"  :  25.76427755,
	"120to170" : 145.33569605,
	"170to300" : 223.50433213,
	"300toInf" :2007.24094203
    },
    "SingleTop":{
	"s-channel_LeptonDecays"           :5178074.5989,
	"t-channel_AntiTop_InclusiveDecays":1407728.544,
	"t-channel_Top_InclusiveDecays"    :1558659.612,
	"tW_AntiTop_InclusiceDecays"       : 238357.428,
	"tW_Top_InclusiveDecays"           : 245177.196
    },
    "TTBar":{
	"TTTo2L2Nu"       :1642541.624,
	"TTToSemiLeptonic":1304012.700
    },
    "TTW":{
	"TTWToLNu":48514391.8292
    },
    "TTZ":{
	"TTZToLL":393271344.4028
    },
    "WW":{
	"WWTo1L1Nu2Q": 787485.589,
	"WWTo2L2Nu"  : 901172.2272,
	"WWTo4Q"     : 773049.853
    },
    "WZ":{
	"WZTo1L1Nu2Q": 805257.731,
	"WZTo2Q2L"   :4499605.731,
	"WZTo3LNu"   :1889798.538
    },
    "ZZ":{
	"ZZTo2L2Nu":58416512.631,
	"ZZTo2Q2L" : 7928149.608,
	"ZZTo2Q2Nu": 4405016.452,
	"ZZTo4L"   :74330566.038
    },
    "ZGamma":{
	"ZGToLLG_01J": 592588.5918
    },
    "WWZ":{
	"Inclusive":        1452841.241945,
	"WWZJetsTo4L2Nu":1932268988.87276
    },
    "WZZ":{
	"Inclusive":5254860.74619
    },
    "ZZZ":{
	"Inclusive":16937669.376694
    },
    "WJetsNLO":{
	"Inclusive":1516.394181
    },
    "Rare":{
	"THQ":    93446130.4484,
	"THW":    98902195.6088,
	"TTHH":  751314800.9016,
	"TTTJ": 1258178158.0272,
	"TTTT": 1589918422.0139,
	"TTTW":  672841187.6873,
	"TTWH":  435582822.0859,
	"TTWW":  134953538.2416,
	"TTWZ":  203431372.5490,
	"TTZH":  442869796.2799,
	"TTZZ":  359307359.3074,
	"tZq_ll": 12649681.5287
    },
    "Higgs":{
	"GluGluHToZZTo4L":   28693528693.5287,
	"GluGluToZH_HToZZTo4L": 75554356.206631,
	"GluGluZH_HToWW_ZTo2L":344444108.761329,
	"VHToNonbb":            13166481.420944,
	"VBF_HToZZTo4L":       472277227.722772,
	"bbH_HToZZTo4L":      3533384497.31389,
	"ttHToNonbb":           34603366.383381
    },
    "WpWp":{
	"WpWpJJEWK": 3041362.5304,
	"WpWpJJQCD": 6313131.3131
    },
    "WWW":{
	"Inclusive": 1112140.8712
    },
    "WGamma":{
	"WGToLNuG_01J": 70107.0552
    },
    "VLLS_ele":{
	"M100":     512598.29,
	"M125":    1091218.35,
	"M150":    2064227.59,
	"M200":    5696971.43,
	"M250":   10804152.17,
	"M300":   21769257.64,
	"M350":   15935520.00,
	"M400":   27645555.56,
	"M450":   44700229.36,
	"M500":   72181021.90,
	"M750":  254269230.77,
	"M1000":1268884615.38
    },
    "VLLS_mu":{
	"M100":     508329.91,
	"M125":    1100348.62,
	"M150":    2064344.83,
	"M200":    5710047.62,
	"M250":   10794347.83,
	"M300":   21809519.65,
	"M400":   27595277.78,
	"M450":   45337844.04,
	"M500":   72847810.22,
	"M750":  255569230.77,
	"M1000":1275589743.59
    },
    "VLLD_ele":{
	"M100":     6560.41,
	"M200":    54213.24,
	"M300":    85061.86,
	"M400":   270022.05,
	"M600":  1651744.97,
	"M800":  6824207.49,
	"M1000":25011328.53
    },
    "VLLD_mu":{
	"M100":   6622.84,
	"M200":  54344.12,
	"M300":  85986.25,
	"M400": 267905.18,
	"M600":1670469.80,
	"M800":7136311.24
    },
    "VLLS_tau":{
	"M100":    1164480.52,
	"M125":    2232460.95,
	"M150":    3928735.63,
	"M200":   10246631.84,
	"M250":   18374444.97,
	"M300":   36726747.17,
	"M350":   26462975.32,
	"M400":   45822297.89
    },
    "SingleMuon":{
	"SingleMuon_A":59800,
	"SingleMuon_B":59800,
	"SingleMuon_C":59800,
	"SingleMuon_D":59800
    },
    "EGamma":{
	"EGamma_A":59800,
	"EGamma_B":59800,
	"EGamma_C":59800,
	"EGamma_D":59800
    }
}
