{
    "DYGToLLG": {
        "M4to50-PT100to200": 52861400.103,
        "M4to50-PT10to100": 3955240.9220000003,
        "M4to50-PT200toInf": 391917769.36800003,
        "M50-PT100to200": 7161629.982999999,
        "M50-PT10to50": 805510.118,
        "M50-PT200to400": 48611464.717999995,
        "M50-PT400to600": 825297534.8790001,
        "M50-PT50to100": 1629264.258,
        "M50-PT600toInf": 4511419602.708,
        "M50-PT10to100": 1132958.8730000001
    },
    "DYto2L": {
        "10to50": 25701.639,
        "50toInf": 104916.42400000001
    },
    "Higgs": {
        "GGHHto2B": 1296429.942,
        "GGHHto2W": 77971218.34,
        "GGHHtoZZ": 122873014.801,
        "TTHto2B": 44583452.499,
        "VBFHto2B": 14259511.228,
        "VBFHto2W": 1065413237.3889999,
        "VBFHto2Z": 3318411597.1059995,
        "WminusHHto2B": 48970919.827,
        "WplusHHto2B": 48735217.104,
        "ZHHto2B": 365227700.042,
        "TTHto2Z": 1984760736.197,
        "WminusHHto2Z": 8992163783.839,
        "WplusHHto2Z": 12015249476.592
    },
    "QCDEM": {
        "10to30": 1.109,
        "120to170": 87.70400000000001,
        "170to300": 404.40999999999997,
        "300toInf": 5178.522000000001,
        "30to50": 1.057,
        "50to80": 3.2680000000000002,
        "80to120": 16.016
    },
    "QCDMu": {
        "1000": 80011479.577,
        "120to170": 6733.89,
        "15to20": 11.85,
        "170to300": 30181.850000000002,
        "20to30": 83.99600000000001,
        "300to470": 292350.156,
        "30to50": 131.31,
        "470to600": 2255329.991,
        "50to80": 244.341,
        "600to800": 7632756.434,
        "800to1000": 74281975.89699998,
        "80to120": 2099.297
    },
    "RareTop": {
        "THQ": 31924625.961,
        "THW": 79334466.96599999,
        "TTHHto2B": 44583452.499,
        "TTHHto2Z": 15532581.454,
        "TTTT": 1707089307.915,
        "TTWH": 4592796488.427,
        "TTWW": 2904466053.922,
        "TTZH": 4875336710.834,
        "TTZZ": 2877559691.912,
        "TZQB": 82637114.17799999,
        "TTWZ": 834122418.88
    },
    "ST": {
        "TBbarQ": 136915.454,
        "TBbartoLplusNuBbar": 3960215.1010000003,
        "TQbarto2Q": 740411.619,
        "TQbartoLNu": 1454756.6449999998,
        "TbarBQ": 137069.209,
        "TbarBtoLminusNuB": 4488075.524,
        "TbarQto2Q": 861344.6699999999,
        "TbarQtoLNu": 1756290.34
    },
    "TT": {
        "TTto2L2Nu": 1832225.0869999998,
        "TTtoLNu2Q": 1393485.33
    },
    "TTV": {
        "TTWtoLNu": 6496383.573000001,
        "TTZtoLL4to50": 52290706.50899999,
        "TTZtoLL50toInf": 30203539.208000004
    },
    "TW": {
        "TWminusto2L2Nu": 3806244.0479999995,
        "TWminustoLNu2Q": 3545186.1,
        "TbarWplusto2L2Nu": 3819542.9390000002,
        "TbarWplustoLNu2Q": 3699057.3929999997
    },
    "VV": {
        "WWto2L2Nu": 3620220.6470000003,
        "WWto4Q": 4043254.125,
        "WWtoLNu2Q": 3540116.0610000007,
        "WZto2L2Q": 8567666.216,
        "WZto3LNu": 11543571.667,
        "WZtoLNu2Q": 5283988.063999999,
        "ZZto2L2Nu": 151648260.0,
        "ZZto2L2Q": 45314814.166,
        "ZZto2Nu2Q": 4723339.149,
        "ZZto4L": 602293785.0
    },
    "VVSS": {
        "WmWm": 9824245901.639,
        "WpWp": 26419679.126
    },
    "VVV": {
        "WWW": 13793410.653,
        "WWZ": 67672739.061,
        "WZZ": 203932839.188,
        "ZZZ": 821804776.8699999
    },
    "WGtoLNuG": {
        "100to200": 3271964.638,
        "10to100": 555991.799,
        "200to400": 11993836.499,
        "400to600": 156916891.89099997,
        "600toInf": 776275770.021
    },
    "WtoLNu": {
        "Inclusive": 9954.123
    },
    "ZGamma": {
        "ZGto2LG": 1582798.523
    },
    "VLLS_ele": {
        "M100": 2050393.16,
        "M125": 4364873.4,
        "M150": 8256910.36,
        "M200": 22787885.72,
        "M250": 43216608.68,
        "M300": 87077030.56,
        "M350": 63742080.0,
        "M400": 110582222.24,
        "M450": 178800917.44,
        "M500": 288724087.6,
        "M750": 1017076923.08,
        "M1000": 5075538461.52
    },
    "VLLS_mu": {
        "M100": 2033319.64,
        "M125": 4401394.48,
        "M150": 8257379.32,
        "M200": 22840190.48,
        "M250": 43177391.32,
        "M300": 87238078.6,
        "M400": 110381111.12,
        "M450": 181351376.16,
        "M500": 291391240.88,
        "M750": 1022276923.08,
        "M1000": 5102358974.36
    },
    "VLLD_ele": {
        "M100": 26241.64,
        "M200": 216852.96,
        "M300": 340247.44,
        "M400": 1080088.2,
        "M600": 6606979.88,
        "M800": 27296829.96,
        "M1000": 100045314.12
    },
    "VLLD_mu": {
        "M100": 26491.36,
        "M200": 217376.48,
        "M300": 343945.0,
        "M400": 1071620.72,
        "M600": 6681879.2,
        "M800": 28545244.96
    },
    "Muon": {
        "C": 7980.4,
        "D": 7980.4,
        "E": 26671.7,
        "F": 26671.7,
        "G": 26671.7
    },
    "EGamma": {
        "C": 7980.4,
        "D": 7980.4,
        "E": 26671.7,
        "F": 26671.7,
        "G": 26671.7
    },
    "Muon0": {
        "C1": 17794.0,
        "C2": 17794.0,
        "C3": 17794.0,
        "C4": 17794.0,
        "D1": 9451.0,
        "D2": 9451.0
    },
    "Muon1": {
        "C1": 17794.0,
        "C2": 17794.0,
        "C3": 17794.0,
        "C4": 17794.0,
        "D1": 9451.0,
        "D2": 9451.0
    },
    "EGamma0": {
        "C1": 17794.0,
        "C2": 17794.0,
        "C3": 17794.0,
        "C4": 17794.0,
        "D1": 9451.0,
        "D2": 9451.0
    },
    "EGamma1": {
        "C1": 17794.0,
        "C2": 17794.0,
        "C3": 17794.0,
        "C4": 17794.0,
        "D1": 9451.0,
        "D2": 9451.0
    }
}