{
  "2016preVFP_UL": {
    "0": [0.171053, 0.027525],
    "1": [0.225994, 0.048250],
    "2": [0.109743, 0.027670],
    "3": [1.0, 1.0]
  },
  "2016postVFP_UL": {
    "0": [0.181908, 0.028109],
    "1": [0.242818, 0.045422],
    "2": [0.049037, 0.023578],
    "3": [1.0, 1.0]
  },
  "2017_UL": {
    "0": [0.254128, 0.028480],
    "1": [0.200357, 0.051190],
    "2": [0.052700, 0.035982],
    "3": [0.035909, 0.028995]
  },
  "2018_UL": {
    "0": [0.192755, 0.019713],
    "1": [0.240688, 0.034077],
    "2": [0.239268, 0.046272],
    "3": [1.0, 1.0]
  },
  "Run3Summer22": {
    "0": [0.136309, 0.018372],
    "1": [0.285813, 0.043056],
    "2": [0.214511, 0.044502],
    "3": [1.0, 1.0]
  },
  "Run3Summer22EE": {
    "0": [0.204825, 0.018751],
    "1": [0.308216, 0.030500],
    "2": [0.162878, 0.027461],
    "3": [0.051614, 0.051503]
  },
  "Run3Summer23": {
    "0": [0.141823, 0.016254],
    "1": [0.234451, 0.028295],
    "2": [0.185843, 0.035061],
    "3": [1.0, 1.0]
  },
  "Run3Summer23BPix": {
    "0": [0.165573, 0.024181],
    "1": [0.384827, 0.073803],
    "2": [0.274147, 0.084293],
    "3": [1.0, 1.0]
  }
}
