{
    "2016preVFP_UL": {
	"0": [0.198373, 0.052739],
	"1": [0.283605, 0.096109],
	"2": [0.131944, 0.047548],
	"3": [0.1, 1.0]
    },
    "2016postVFP_UL": {
	"0": [0.197365, 0.037389],
	"1": [0.227684, 0.060018],
	"2": [0.047166, 0.026061],
	"3": [0.10, 1.0]
    },
    "2017_UL": {
	"0": [0.236559, 0.039502],
	"1": [0.233231, 0.042698],
	"2": [0.031376, 0.022785],
	"3": [0.020696, 0.016737]
    },
    "2018_UL": {
	"0": [0.188040, 0.025012],
	"1": [0.213294, 0.041397],
	"2": [0.204137, 0.050168],
	"3": [0.835219, 0.544996]
    },
    "Run3Summer22":{
	"0": [0.131256, 0.021922],
	"1": [0.326758, 0.071531],
	"2": [0.146481, 0.033053],
	"3": [0.1, 1.0]
    },
    "Run3Summer22EE":{
	"0": [0.200285, 0.023992],
	"1": [0.372758, 0.047435],
	"2": [0.185945, 0.035542],
	"3": [0.050765, 0.050486]
    },
    "Run3Summer23":{
	"0": [0.125060, 0.016426],
	"1": [0.104020, 0.049666],
	"2": [0.080333, 0.029021],
	"3": [0.1, 1.0]
    },
    "Run3Summer23BPix":{
	"0": [0.123751, 0.023811],
	"1": [0.312058, 0.073456],
	"2": [0.111085, 0.038223],	
	"3": [0.292088, 0.244471]
    }
}
