{
    "2016preVFP_UL": {
	"0": [0.120379, 0.035245],
	"1": [0.178388, 0.053558],
	"2": [0.054437, 0.023506],
	"3": [0.122449, 0.405774]
    },
    "2016postVFP_UL": {
	"0": [0.146415, 0.032789],
	"1": [0.099755, 0.030389],
	"2": [0.056331, 0.027426],
	"3": [0.10, 0]
    },
    "2017_UL": {
	"0": [0.144242, 0.025077],
	"1": [0.099606, 0.023385],
	"2": [0.053970, 0.017418],
	"3": [0.107817, 0.118772]
    },
    "2018_UL": {
	"0": [0.146829, 0.022874],
	"1": [0.077910, 0.015446],
	"2": [0.271474, 0.102895],
	"3": [0.360434, 0.255235]
    },
    "Run3Summer22":{
	"0": [0.089549, 0.016487],
	"1": [0.098817, 0.019281],
	"2": [0.024631, 0.010506],
	"3": [0.669937, 0.646397]
    },
    "Run3Summer22EE":{
	"0": [0.108676, 0.017752],
	"1": [0.108748, 0.018213],
	"2": [0.041824, 0.022174],
	"3": [0.105135, 0.133066]
    },
    "Run3Summer23":{
	"0": [0.082594, 0.011054],
	"1": [0.078652, 0.011215],
	"2": [0.080125, 0.021285],
	"3": [1.645524, 0.876498]
    },
    "Run3Summer23BPix":{
	"0": [0.081716, 0.015898],
	"1": [0.152633, 0.037542],
	"2": [0.050656, 0.019215],
	"3": [0.213517, 0.187066]
    }
}
