{
    "2018_UL": {
	"0": 0.12970339,
	"1": 0.07222484,
	"2": 0.19266066,
	"3": 0.10
    },
    "2017_UL": {
	"0": 0.11850897,
	"1": 0.08928256,
	"2": 0.03900507,
	"3": 0.10
    },
    "2016postVFP_UL": {
	"0": 0.10749282,
	"1": 0.08240349,
	"2": 0.04435222,
	"3": 0.10
    },
    "2016preVFP_UL": {
	"0": 0.11457822,
	"1": 0.16575052,
	"2": 0.04367684,
	"3": 0.10
    }
}
