{
    "2016preVFP_UL": {
	"0": [0.120379, 0.035245],
	"1": [0.178388, 0.053558],
	"2": [0.054437, 0.023506],
	"3": [0.122449, 0.405774]
    },
    "2016postVFP_UL": {
	"0": [0.146415, 0.032789],
	"1": [0.099755, 0.030389],
	"2": [0.056331, 0.027426],
	"3": [0.10, 0]
    },
    "2017_UL": {
	"0": [0.144242, 0.025077],
	"1": [0.099606, 0.023385],
	"2": [0.053970, 0.017418],
	"3": [0.107817, 0.118772]
    },
    "2018_UL": {
	"0": [0.146829, 0.022874],
	"1": [0.077910, 0.015446],
	"2": [0.271474, 0.102895],
	"3": [0.360434, 0.255235]
    },
    "Run3Summer22":{
	"0": [1.0, 0],
	"1": [1.0, 0],
	"2": [1.0, 0],
	"3": [1.0, 0]
    },
    "Run3Summer22EE":{
	"0": [1.0, 0],
	"1": [1.0, 0],
	"2": [1.0, 0],
	"3": [1.0, 0]
    }
}
