{
    "2016preVFP_UL": {
	"0": 0.120379,
	"1": 0.178388,
	"2": 0.054437,
	"3": 0.122449
    },
    "2016postVFP_UL": {
	"0": 0.146415,
	"1": 0.099755,
	"2": 0.056331,
	"3": 0.10
    },
    "2017_UL": {
	"0": 0.144242,
	"1": 0.099606,
	"2": 0.053970,
	"3": 0.107817
    },
    "2018_UL": {
	"0": 0.146829,
	"1": 0.077910,
	"2": 0.271474,
	"3": 0.360434
    },
    "Run3Summer22":
    {
	"0": 1.0,
	"1": 1.0,
	"2": 1.0,
	"3": 1.0
    }
}
