{
  "2016preVFP_UL": {
    "0": [0.126994, 0.146425],
    "1": [0.465130, 0.036928],
    "2": [0.212623, 0.046065]
  },
  "2016postVFP_UL": {
    "0": [1.297274, 0.185518],
    "1": [0.616070, 0.039571],
    "2": [0.221717, 0.050922],
    "3": [0.718141, 0.043138]
  },
  "2017_UL": {
    "0": [1.364363, 0.192047],
    "1": [0.795394, 0.042556],
    "2": [0.320446, 0.055066],
    "3": [0.821171, 0.049391]
  },
  "2018_UL": {
    "0": [1.573400, 0.117132],
    "1": [0.644747, 0.028641],
    "2": [0.538314, 0.036892],
    "3": [0.653094, 0.033520]
  },
  "Run3Summer22": {
    "0": [0.909187, 0.197853],
    "1": [0.409482, 0.043144],
    "2": [0.297530, 0.071453],
    "3": [0.437775, 0.055980]
  },
  "Run3Summer22EE": {
    "0": [1.069784, 0.120149],
    "1": [0.463707, 0.026913],
    "2": [0.363659, 0.042372],
    "3": [0.349003, 0.030556]
  },
  "Run3Summer23": {
    "0": [0.829789, 0.113146],
    "1": [0.457964, 0.031463],
    "2": [0.370262, 0.044019],
    "3": [0.310401, 0.031030]
  },
  "Run3Summer23BPix": {
    "0": [0.701551, 0.137653],
    "1": [0.535800, 0.047828],
    "2": [0.540851, 0.076204],
    "3": [0.391310, 0.049927]
  }
}