{
    "Run3Summer22":{
	"0": [0.925180, 0.200123],
	"1": [0.411959, 0.043274],
	"2": [0.303390, 0.071780],
	"3": [0.439798, 0.056082]
    },
    "Run3Summer22EE":{
	"0": [1.083636, 0.121277],
	"1": [0.466251, 0.026994],
	"2": [0.369362, 0.042577],
	"3": [0.340569, 0.030344]
    },
    "Run3Summer23":{
	"0": [0.839321, 0.113975],
	"1": [0.460001, 0.031540],
	"2": [0.374584, 0.044211],
	"3": [0.311992, 0.031077]
    },
    "Run3Summer23BPix":{
	"0": [0.711351, 0.138787],
	"1": [0.537606, 0.047931],
	"2": [0.545452, 0.076554],
	"3": [0.393123, 0.050016]
    }
}
