{
    "VLLS_ele":{
	"M100": {
	    "xsec": 0.9041,
	    "lumi": 663355.82
	},
	"M125": {
	    "xsec": 0.4555,
	    "lumi": 1305628.98
	},
	"M150": {
	    "xsec": 0.2208,
	    "lumi": 2711168.48
	},
	"M200": {
	    "xsec": 0.07974,
	    "lumi": 7501655.38
	},
	"M250": {
	    "xsec": 0.03527,
	    "lumi": 14091040.54
	},
	"M300": {
	    "xsec": 0.01764,
	    "lumi": 28260544.22
	},
	"M350": {
	    "xsec": 0.009715,
	    "lumi": 20503757.08
	},
	"M400": {
	    "xsec": 0.00571,
	    "lumi": 34859544.66
	},
	"M450": {
	    "xsec": 0.003516,
	    "lumi": 55430318.54
	},
	"M500": {
	    "xsec": 0.002241,
	    "lumi": 88253458.28
	},
	"M550": {
	    "xsec": 0.001476,
	    "lumi": 0
	},
	"M600": {
	    "xsec": 0.0009974,
	    "lumi": 0
	},
	"M650": {
	    "xsec": 0.0006897,
	    "lumi": 0
	},
	"M700": {
	    "xsec": 0.0004847,
	    "lumi": 0
	},
	"M750": {
	    "xsec": 0.0003463,
	    "lumi": 254269230.77
	},
	"M800": {
	    "xsec": 0.0002514,
	    "lumi": 0
	},
	"M850": {
	    "xsec": 0.0001848,
	    "lumi": 0
	},
	"M900": {
	    "xsec": 0.0001368,
	    "lumi": 0
	},
	"M950": {
	    "xsec": 0.0001024,
	    "lumi": 0
	},
	"M1000":{
	    "xsec": 0.0000771,
	    "lumi": 1283696498.05
	}
    },
    "VLLS_mu":{
	"M100": {
	    "xsec": 0.9041,
	    "lumi": 657832.10
	},
	"M125": {
	    "xsec": 0.4555,
	    "lumi": 1316553.24
	},
	"M150": {
	    "xsec": 0.2208,
	    "lumi": 2711322.46
	},
	"M200": {
	    "xsec": 0.07974,
	    "lumi": 7518873.84
	},
	"M250": {
	    "xsec": 0.03527,
	    "lumi": 14078253.47
	},
	"M300": {
	    "xsec": 0.01764,
	    "lumi": 28312811.79
	},
	"M350": {
	    "xsec": 0.009715,
	    "lumi": 0
	},
	"M400": {
	    "xsec": 0.00571,
	    "lumi": 34796147.11
	},
	"M450": {
	    "xsec": 0.003516,
	    "lumi": 56220989.76
	},
	"M500": {
	    "xsec": 0.002241,
	    "lumi": 89068719.32
	},
	"M550": {
	    "xsec": 0.001476,
	    "lumi": 0
	},
	"M600": {
	    "xsec": 0.0009974,
	    "lumi": 0
	},
	"M650": {
	    "xsec": 0.0006897,
	    "lumi": 0
	},
	"M700": {
	    "xsec": 0.0004847,
	    "lumi": 0
	},
	"M750": {
	    "xsec": 0.0003463,
	    "lumi": 255569230.77
	},
	"M800": {
	    "xsec": 0.0002514,
	    "lumi": 0
	},
	"M850": {
	    "xsec": 0.0001848,
	    "lumi": 0
	},
	"M900": {
	    "xsec": 0.0001368,
	    "lumi": 0
	},
	"M950": {
	    "xsec": 0.0001024,
	    "lumi": 0
	},
	"M1000":{
	    "xsec": 0.0000771,
	    "lumi": 1290479896.24
	}
    },
    "VLLD_ele":{
	"M100": {
	    "xsec": 12.88,
	    "lumi": 8608.00
	},
	"M200": {
	    "xsec": 1.022,
	    "lumi": 72142.86
	},
	"M300": {
	    "xsec": 0.2242,
	    "lumi": 110405.89
	},
	"M400": {
	    "xsec": 0.07192,
	    "lumi": 340531.15
	},
	"M500": {
	    "xsec": 0.02826,
	    "lumi": 0
	},
	"M600": {
	    "xsec": 0.0126,
	    "lumi": 1953253.97
	},
	"M700": {
	    "xsec": 0.006146,
	    "lumi": 0
	},
	"M800": {
	    "xsec": 0.003183,
	    "lumi": 7439522.46
	},
	"M900": {
	    "xsec": 0.001733,
	    "lumi": 0
	},
	"M1000":{
	    "xsec": 0.0009734,
	    "lumi": 24949660.98
	}
    },
    "VLLD_mu":{
	"M100": {
	    "xsec": 12.88,
	    "lumi": 8689.91
	},
	"M200": {
	    "xsec": 1.022,
	    "lumi": 72317.03
	},
	"M300": {
	    "xsec": 0.2242,
	    "lumi": 111605.71
	},
	"M400": {
	    "xsec": 0.07192,
	    "lumi": 337861.51
	},
	"M500": {
	    "xsec": 0.02826,
	    "lumi": 0
	},
	"M600": {
	    "xsec": 0.0126,
	    "lumi": 1975396.83
	},
	"M700": {
	    "xsec": 0.006146,
	    "lumi": 0
	},
	"M800": {
	    "xsec": 0.003183,
	    "lumi": 7779767.51
	},
	"M900": {
	    "xsec": 0.001733,
	    "lumi": 0
	},
	"M1000":{
	    "xsec": 0.0009734,
	    "lumi": 0
	}
    }
}
