{
    "WtoLNu": {
        "Inclusive": 172351.999226,
        "70to100": 1.0,
        "100to200": 1.0,
        "200to400": 1.0,
        "400to600": 1.0,
        "600to800": 1.0,
        "800to1200": 1.0,
        "1200to2500": 1.0,
        "2500toInf": 1.0
    },
    "WGtoLNuG": {
        "Inclusive": 358.052133
    },
    "DYto2L": {
        "10to50": 34158.777211,
        "50toInf": 16878.672584
    },
    "DYGToLLG": {
        "Inclusive": 99.077374
    },
    "TT": {
        "TTto2L2Nu": 71.579782,
        "TTtoLNu2Q": 297.506888
    },
    "ST": {
        "s-channel": 3.563899,
        "t-channel-antitop": 71.627087,
        "t-channel-top": 105.357949
    },
    "TW": {
        "antitop": 32.408704,
        "top": 32.19434
    },
    "TTV": {
        "TTWtoLNu": 0.075084,
        "TTZtoLL": 0.33498
    },
    "RareTop": {
        "THQ": 1.0,
        "THW": 1.0,
        "TTHH": 1.0,
        "TTTJ": 1.0,
        "TTTT": 0.008103,
        "TTTW": 1.0,
        "TTWH": 1.0,
        "TTWW": 1.0,
        "TTWZ": 1.0,
        "TTZH": 1.0,
        "TTZZ": 1.0,
        "TZQB": 0.07729
    },
    "VVSS": {
        "WpWpEWK": 1.0,
        "WpWpQCD": 1.0
    },
    "VV": {
        "WWto2L2Nu": 11.078218,
        "WWto4Q": 85.85778,
        "WWtoLNu2Q": 85.099397,
        "WZto2L2Q": 9.608774,
        "WZto3LNu": 8.477705,
        "WZtoLNu2Q": 15.041607,
        "ZZto2L2Nu": 0.982063,
        "ZZto2L2Q": 5.515227,
        "ZZto2Nu2Q": 7.604959,
        "ZZto4L": 1.324174
    },
    "VVV": {
        "WWW": 0.215662,
        "WWZ": 0.17137,
        "WZZ": 0.057144,
        "ZZZ": 0.014704
    },
    "Higgs": {
        "GGHHto2W": 21.481333,
        "GGHHtoZZ": 29.079645,
        "TTHtoNon2B": 0.500943,
        "VBFHto2Zto2L2Nu": 3.961348,
        "VBFHto2Zto4L": 3.939076,
        "WminusHHto2C": 0.177274,
        "WminusHHto2B": 0.177233,
        "WplusHHtoZG": 0.541829,
        "bbHto2Z": 1.0
    },
    "QCDEM": {
        "15to20": 1.000116,
        "20to30": 1.000001,
        "30to50": 1.0,
        "50to80": 1.0,
        "80to120": 1.000165,
        "120to170": 1.000011,
        "170to300": 1.0,
        "300toInf": 1.0
    },
    "QCDMu": {
        "15to20": 1.000159,
        "20to30": 1.000014,
        "30to50": 1.0,
        "50to80": 1.0,
        "80to120": 1.000116,
        "120to170": 1.000024,
        "170to300": 1.0,
        "300to470": 1.0,
        "470to600": 1.000003,
        "600to800": 1.0,
        "800to1000": 1.0,
        "1000": 1.0
    },
    "VLLD-ele": {
        "100": 0.000462,
        "200": 0.049007,
        "300": 0.14028,
        "400": 0.25112,
        "600": 0.25112,
        "800": 0.59758,
        "1000": 0.62522,
        "1200": 0.57536,
        "1400": 0.48496
    },
    "VLLD-mu": {
        "100": 0.00046,
        "200": 0.048973,
        "300": 0.14024,
        "400": 0.2509,
        "600": 0.466,
        "800": 0.59778,
        "1000": 0.62658,
        "1200": 0.57552,
        "1400": 0.4854
    }
}