{
    "WtoLNu": {
        "Inclusive": 176570.190742
    },
    "WGtoLNuG": {
        "10to100": 1256.119162,
        "100to200": 11.667438,
        "200to400": 0.867501,
        "400to600": 0.05406,
        "600toInf": 0.009821
    },
    "DYto2L": {
        "10to50": 35141.45953,
        "50toInf": 17793.7228
    },
    "DYGToLLG": {
        "M4to50-PT10to100": 177.39102,
        "M4to50-PT100to200": 1.396291,
        "M4to50-PT200toInf": 0.062925,
        "M50-PT10to100": 242.180406,
        "M50-PT100to200": 2.00316,
        "M50-PT200to400": 0.148505,
        "M50-PT400to600": 0.008599,
        "M50-PT600toInf": 0.001491
    },
    "TT": {
        "TTto2L2Nu": 80.700542,
        "TTtoLNu2Q": 333.915259
    },
    "ST": {
        "TBbarQ": 124.607279,
        "TBbartoLplusNuBbar": 2.275216,
        "TbarBQ": 75.842825,
        "TbarBtoLminusNuB": 1.428517
    },
    "TW": {
        "TWminusto2L2Nu": 3.80598,
        "TWminustoLNu2Q": 35.997736,
        "TbarWplusto2L2Nu": 3.805963,
        "TbarWplustoLNu2Q": 36.008494
    },
    "TTV": {
        "TTWtoLNu": 0.446508,
        "TTZtoLL4to50": 0.039249,
        "TTZtoLL50toInf": 0.086304
    },
    "RareTop": {
        "THQ": 1.0,
        "THW": 1.0,
        "TTTT": 0.009668,
        "TTWH": 1.0,
        "TTWW": 1.0,
        "TTWZ": 1.0,
        "TTZH": 1.0,
        "TTZZ": 1.0,
        "TZQB": 0.081614
    },
    "VVSS": {
        "WpWp": 1
    },
    "VV": {
        "WWto2L2Nu": 11.777511,
        "WWto4Q": 50.849938,
        "WWtoLNu2Q": 48.922929,
        "WZto2L2Q": 7.576494,
        "WZto3LNu": 4.915918,
        "WZtoLNu2Q": 15.924408,
        "ZZto2L2Nu": 1.029219,
        "ZZto2L2Q": 6.796412,
        "ZZto2Nu2Q": 4.826183,
        "ZZto4L": 1.391136
    },
    "VVV": {
        "WWW": 0.233138,
        "WWZ": 0.184958,
        "WZZ": 0.062136,
        "ZZZ": 0.015913
    },
    "Higgs": {
        "GGHHto2B": 30.214316,
        "GGHHto2W": 23.099581,
        "GGHHtoZZ": 23.15582,
        "TTHto2B": 0.573668,
        "TTHto2Z": 0.559272,
        "VBFHto2B": 4.175869,
        "VBFHto2W": 4.209586,
        "VBFHto2Z": 4.22252,
        "WminusHHto2B": 0.191687,
        "WplusHHto2B": 0.316549,
        "ZHHto2B": 0.085424
    },
    "QCDEM": {
        "10to30": 1.0,
        "30to50": 1.0,
        "50to80": 1.0,
        "80to120": 1.000145,
        "120to170": 1.000011,
        "170to300": 1.0,
        "300toInf": 1.0
    },
    "QCDMu": {
        "15to20": 1.000193,
        "20to30": 1.000014,
        "30to50": 1.0,
        "50to80": 1.0,
        "80to120": 1.000101,
        "120to170": 1.000026,
        "170to300": 1.0,
        "300to470": 1.0,
        "470to600": 1.0,
        "600to800": 1.0,
        "800to1000": 1.0,
        "1000": 1.0
    },
    "VLLD-ele": {
        "100": 0.00046,
        "200": 0.048973,
        "300": 0.14018,
        "400": 0.25146,
        "600": 0.25061,
        "800": 0.598237,
        "1000": 0.62541,
        "1200": 0.57094,
        "1400": 0.490404
    },
    "VLLD-mu": {
        "100": 0.00046,
        "200": 0.048966,
        "300": 0.1402,
        "400": 0.251182,
        "600": 0.46532,
        "800": 0.59888,
        "1000": 0.62717,
        "1200": 0.57573,
        "1400": 0.48613
    }
}