{
    "Muon": {
        "B1": 19692,
        "B2": 19692,
        "C": 128982.4,
        "D": 128982.4,
        "E": 87843.7,
        "FHIPM": 19692,
        "F": 84378.7,
        "G": 42898.7,
        "H": 16227,
        "B": 101310,
        "A": 59830
    },
    "EGamma": {
        "B1": 19692,
        "B2": 19692,
        "C": 128982.4,
        "D": 128982.4,
        "E": 87843.7,
        "FHIPM": 19692,
        "F": 84378.7,
        "G": 42898.7,
        "H": 16227,
        "B": 101310,
        "A": 59830
    },
    "WtoLNu": {
        "Inclusive": 11783.041,
        "70to100": 116155.06,
        "100to200": 111455.062,
        "200to400": 395747.55999999994,
        "400to600": 387411.647,
        "600to800": 1613502.7489999998,
        "800to1200": 3450959.084,
        "1200to2500": 13360010.381000001,
        "2500toInf": 102302762.013
    },
    "WGtoLNuG": {
        "Inclusive": 1210737.9610000001,
        "10to100": 563226.854,
        "100to200": 3366974.05,
        "200to400": 12353476.933,
        "400to600": 156916891.89099997,
        "600toInf": 776703901.438
    },
    "DYto2L": {
        "10to50": 34091.628,
        "50toInf": 168658.86500000002
    },
    "DYGToLLG": {
        "Inclusive": 2228786.004,
        "M4to50-PT10to100": 4077817.982,
        "M4to50-PT100to200": 52988135.453999996,
        "M4to50-PT200toInf": 396030193.05,
        "M50-PT10to50": 1050133.6500000001,
        "M50-PT50to100": 1629264.258,
        "M50-PT100to200": 6916914.512,
        "M50-PT200to400": 49290816.592999995,
        "M50-PT400to600": 819124917.817,
        "M50-PT600toInf": 3996888778.796,
        "M50-PT10to100": 1146493.959
    },
    "TT": {
        "TTto2L2Nu": 5624265.563000001,
        "TTtoLNu2Q": 4459561.57
    },
    "ST": {
        "s-channel": 11758021.124000002,
        "t-channel-antitop": 3231193.876,
        "t-channel-top": 3767839.5069999998,
        "TBbarQ": 150807.641,
        "TBbartoLplusNuBbar": 4028444.915,
        "TbarBQ": 126213.10800000001,
        "TbarBtoLminusNuB": 4038223.1290000007
    },
    "TW": {
        "antitop": 562196.247,
        "top": 566902.928,
        "TWminusto2L2Nu": 3766213.0919999997,
        "TWminustoLNu2Q": 1859488.6600000001,
        "TbarWplusto2L2Nu": 3812212.097,
        "TbarWplustoLNu2Q": 1843120.7229999998
    },
    "TTV": {
        "TTWtoLNu": 225321666.71699998,
        "TTZtoLL": 874789916.979,
        "TTZtoLL4to50": 52326715.625,
        "TTZtoLL50toInf": 30405586.398
    },
    "RareTop": {
        "THQ": 241243964.31100005,
        "THW": 333625442.899,
        "TTHH": 1731029301.277,
        "TTTJ": 2898842476.095,
        "TTTT": 5831593307.764,
        "TTTW": 1570416780.168,
        "TTWH": 6216892699.239,
        "TTWW": 3282435962.4,
        "TTWZ": 1438284689.6879997,
        "TTZH": 6140788372.442,
        "TTZZ": 3683475997.828,
        "TZQB": 114191633.093
    },
    "VVSS": {
        "WpWpEWK": 16152189.52,
        "WpWpQCD": 18960559.796,
        "WmWm": 9824245901.639,
        "WpWp": 26419679.126
    },
    "VV": {
        "WWto2L2Nu": 5765502.908999999,
        "WWto4Q": 6459452.181,
        "WWtoLNu2Q": 6470130.696,
        "WZto2L2Q": 20358426.085,
        "WZto3LNu": 18987405.476,
        "WZtoLNu2Q": 7656264.721000001,
        "ZZto2L2Nu": 291097652.718,
        "ZZto2L2Q": 68556723.22,
        "ZZto2Nu2Q": 11328122.237000002,
        "ZZto4L": 828460577.4530001
    },
    "VVV": {
        "WWW": 16817533.026,
        "WWZ": 72520485.105,
        "WZZ": 219609840.414,
        "ZZZ": 850216317.735
    },
    "Higgs": {
        "GGHHto2W": 216910897.17800003,
        "GGHHtoZZ": 484233006.443,
        "TTHtoNon2B": 76260495.75,
        "VBFHto2Zto2L2Nu": 4955000000.0,
        "VBFHto2Zto4L": 1952522255.1929998,
        "WminusHHto2C": 11149468759.666,
        "WminusHHto2B": 192327303.3,
        "WplusHHtoZG": 662692988.93,
        "bbHto2Z": 13753000000.0,
        "GGHHto2B": 1195530.44,
        "TTHto2B": 40572166.594000004,
        "TTHto2Z": 4926705729.696,
        "VBFHto2B": 13561123.005,
        "VBFHto2W": 126096390.50800002,
        "VBFHto2Z": 4289658111.881,
        "WplusHHto2B": 138761828.10399997,
        "ZHHto2B": 344745958.28,
        "WminusHHto2Z": 9610769711.522,
        "WplusHHto2Z": 9395017381.963001
    },
    "QCDEM": {
        "15to20": 18.189,
        "20to30": 8.767,
        "30to50": 5.133,
        "50to80": 19.479,
        "80to120": 97.23199999999999,
        "120to170": 544.7389999999999,
        "170to300": 1106.8770000000002,
        "300toInf": 11356.799,
        "10to30": 1.109
    },
    "QCDMu": {
        "15to20": 21.857000000000003,
        "20to30": 164.757,
        "30to50": 302.585,
        "50to80": 612.737,
        "80to120": 3622.0989999999997,
        "120to170": 12226.378999999999,
        "170to300": 62690.058,
        "300to470": 610690.487,
        "470to600": 4326778.803,
        "600to800": 13866525.428999998,
        "800to1000": 147349149.502,
        "1000": 156803612.951
    },
    "VLLD-ele": {
        "100": 51124.244,
        "200": 422720.10800000007,
        "300": 662073.1640000001,
        "400": 2109793.732,
        "600": 12772966.639999999,
        "800": 52735517.816000015,
        "1000": 191050209.95600003,
        "1200": 593579034.452
    },
    "VLLD-mu": {
        "100": 51597.10400000001,
        "200": 421872.29600000003,
        "300": 662864.1680000001,
        "400": 2062816.668,
        "600": 12767887.923999999,
        "800": 53916317.32,
        "1000": 189240736.772,
        "1200": 599574782.276
    },
    "Muon0": {
        "C1": 17794.0,
        "C2": 17794.0,
        "C3": 17794.0,
        "C4": 17794.0,
        "D1": 9451.0,
        "D2": 9451.0
    },
    "Muon1": {
        "C1": 17794.0,
        "C2": 17794.0,
        "C3": 17794.0,
        "C4": 17794.0,
        "D1": 9451.0,
        "D2": 9451.0
    },
    "EGamma0": {
        "C1": 17794.0,
        "C2": 17794.0,
        "C3": 17794.0,
        "C4": 17794.0,
        "D1": 9451.0,
        "D2": 9451.0
    },
    "EGamma1": {
        "C1": 17794.0,
        "C2": 17794.0,
        "C3": 17794.0,
        "C4": 17794.0,
        "D1": 9451.0,
        "D2": 9451.0
    }
}