{
    "Muon": {
        "B1": 19692,
        "B2": 19692,
        "C": 121002,
        "D": 121002,
        "E": 61172,
        "FHIPM": 19692,
        "F": 57707,
        "G": 16227,
        "H": 16227,
        "B": 101310,
        "A": 59830
    },
    "EGamma": {
        "B1": 19692,
        "B2": 19692,
        "C": 121002,
        "D": 121002,
        "E": 61172,
        "FHIPM": 19692,
        "F": 57707,
        "G": 16227,
        "H": 16227,
        "B": 101310,
        "A": 59830
    },
    "WtoLNu": {
        "Inclusive": 1671.452,
        "70to100": 116155.06,
        "100to200": 111455.062,
        "200to400": 395747.55999999994,
        "400to600": 387411.647,
        "600to800": 1613502.7489999998,
        "800to1200": 3450959.084,
        "1200to2500": 13360010.381000001,
        "2500toInf": 102302762.013
    },
    "WGtoLNuG": {
        "Inclusive": 1210737.9610000001
    },
    "DYto2L": {
        "10to50": 12625.153999999999,
        "50toInf": 63508.497
    },
    "DYGToLLG": {
        "Inclusive": 2228786.004
    },
    "TT": {
        "TTto2L2Nu": 3769339.676,
        "TTtoLNu2Q": 3009142.1689999998
    },
    "ST": {
        "s-channel": 11758021.124000002,
        "t-channel-antitop": 3231193.876,
        "t-channel-top": 3767839.5069999998
    },
    "TW": {
        "antitop": 562196.247,
        "top": 566902.928
    },
    "TTV": {
        "TTWtoLNu": 218777436.25399998,
        "TTZtoLL": 874789916.979
    },
    "RareTop": {
        "THQ": 209319338.35000002,
        "THW": 244298070.527,
        "TTHH": 1731029301.277,
        "TTTJ": 2898842476.095,
        "TTTT": 3915743333.739,
        "TTTW": 1570416780.168,
        "TTWH": 1014022787.029,
        "TTWW": 318656182.98800004,
        "TTWZ": 468545751.63399994,
        "TTZH": 1018600531.444,
        "TTZZ": 805916305.9159999,
        "TZQB": 30929936.305999998
    },
    "VVSS": {
        "WpWpEWK": 16152189.52,
        "WpWpQCD": 18960559.796
    },
    "VV": {
        "WWto2L2Nu": 2074842.2,
        "WWto4Q": 2280856.946,
        "WWtoLNu2Q": 2362177.4469999997,
        "WZto2L2Q": 11790759.868999999,
        "WZto3LNu": 7665500.476000001,
        "WZtoLNu2Q": 2362115.367,
        "ZZto2L2Nu": 134026494.147,
        "ZZto2L2Q": 23424409.054,
        "ZZto2Nu2Q": 6595208.62,
        "ZZto4L": 226166792.453
    },
    "VVV": {
        "WWW": 2553290.083,
        "WWZ": 3362624.488,
        "WZZ": 15677001.226,
        "ZZZ": 39363143.631
    },
    "Higgs": {
        "GGHHto2W": 207058823.53100002,
        "GGHHtoZZ": 303366458.67,
        "TTHtoNon2B": 76260495.75,
        "VBFHto2Zto2L2Nu": 4955000000.0,
        "VBFHto2Zto4L": 1952522255.1929998,
        "WminusHHto2C": 11149468759.666,
        "WminusHHto2B": 55541292.257,
        "WplusHHtoZG": 662692988.93,
        "bbHto2Z": 13753000000.0
    },
    "QCDEM": {
        "15to20": 18.189,
        "20to30": 8.767,
        "30to50": 4.043,
        "50to80": 15.947,
        "80to120": 78.13,
        "120to170": 442.804,
        "170to300": 672.077,
        "300toInf": 5961.319
    },
    "QCDMu": {
        "15to20": 9.884,
        "20to30": 74.414,
        "30to50": 143.265,
        "50to80": 321.932,
        "80to120": 1513.5140000000001,
        "120to170": 5480.222,
        "170to300": 30873.458999999995,
        "300to470": 282895.583,
        "470to600": 1980965.1430000002,
        "600to800": 6272309.4399999995,
        "800to1000": 71321917.451,
        "1000": 76504497.21700001
    },
    "VLLD-ele": {
        "100": 26335.396,
        "200": 218664.9,
        "300": 344787.34,
        "400": 1103661.228,
        "600": 6764844.328,
        "800": 28258701.896,
        "1000": 103746161.72,
        "1200": 326732673.268
    },
    "VLLD-mu": {
        "100": 26578.98,
        "200": 218226.344,
        "300": 345199.272,
        "400": 1079086.9,
        "600": 6762154.528,
        "800": 28891441.7,
        "1000": 102763561.924,
        "1200": 330033003.3
    }
}