{
    "Muon": {
        "C": 7980.4,
        "D": 7980.4,
        "E": 26671.7,
        "F": 26671.7,
        "G": 26671.7
    },
    "EGamma": {
        "C": 7980.4,
        "D": 7980.4,
        "E": 26671.7,
        "F": 26671.7,
        "G": 26671.7
    },
    "WtoLNu": {
        "Inclusive": 10111.589
    },
    "WGtoLNuG": {
        "10to100": 563226.854,
        "100to200": 3366974.05,
        "200to400": 12353476.933,
        "400to600": 156916891.89099997,
        "600toInf": 776703901.438
    },
    "DYto2L": {
        "10to50": 21466.474000000002,
        "50toInf": 105150.36800000002
    },
    "DYGToLLG": {
        "M4to50-PT10to100": 4077817.982,
        "M4to50-PT100to200": 52988135.453999996,
        "M4to50-PT200toInf": 396030193.05,
        "M50-PT10to50": 1050133.6500000001,
        "M50-PT50to100": 1629264.258,
        "M50-PT100to200": 6916914.512,
        "M50-PT200to400": 49290816.592999995,
        "M50-PT400to600": 819124917.817,
        "M50-PT600toInf": 3996888778.796,
        "M50-PT10to100": 1146493.959
    },
    "TT": {
        "TTto2L2Nu": 1854925.8869999999,
        "TTtoLNu2Q": 1450419.401
    },
    "ST": {
        "TBbarQ": 150807.641,
        "TBbartoLplusNuBbar": 4028444.915,
        "TbarBQ": 126213.10800000001,
        "TbarBtoLminusNuB": 4038223.1290000007
    },
    "TW": {
        "TWminusto2L2Nu": 3766213.0919999997,
        "TWminustoLNu2Q": 1859488.6600000001,
        "TbarWplusto2L2Nu": 3812212.097,
        "TbarWplustoLNu2Q": 1843120.7229999998
    },
    "TTV": {
        "TTWtoLNu": 6544230.4629999995,
        "TTZtoLL4to50": 52326715.625,
        "TTZtoLL50toInf": 30405586.398
    },
    "RareTop": {
        "THQ": 31924625.961,
        "THW": 89327372.372,
        "TTTT": 1915849974.025,
        "TTWH": 5202869912.209999,
        "TTWW": 2963779779.4119997,
        "TTZH": 5122187840.998,
        "TTZZ": 2877559691.912,
        "TZQB": 83261696.787,
        "TTWZ": 969738938.054
    },
    "VVSS": {
        "WmWm": 9824245901.639,
        "WpWp": 26419679.126
    },
    "VV": {
        "WWto2L2Nu": 3690660.709,
        "WWto4Q": 4178595.235,
        "WWtoLNu2Q": 4107953.2489999994,
        "WZto2L2Q": 8567666.216,
        "WZto3LNu": 11321905.0,
        "WZtoLNu2Q": 5294149.354,
        "ZZto2L2Nu": 157071158.57099998,
        "ZZto2L2Q": 45132314.166,
        "ZZto2Nu2Q": 4732913.617000001,
        "ZZto4L": 602293785.0
    },
    "VVV": {
        "WWW": 14264242.943,
        "WWZ": 69157860.617,
        "WZZ": 203932839.188,
        "ZZZ": 810853174.104
    },
    "Higgs": {
        "GGHHto2B": 1195530.44,
        "GGHHto2W": 9852073.647000002,
        "GGHHtoZZ": 180866547.773,
        "TTHto2B": 40572166.594000004,
        "TTHto2Z": 4926705729.696,
        "VBFHto2B": 13561123.005,
        "VBFHto2W": 126096390.50800002,
        "VBFHto2Z": 4289658111.881,
        "WminusHHto2B": 136786011.04299998,
        "WplusHHto2B": 138761828.10399997,
        "ZHHto2B": 344745958.28,
        "WminusHHto2Z": 9610769711.522,
        "WplusHHto2Z": 9395017381.963001
    },
    "QCDEM": {
        "10to30": 1.109,
        "30to50": 1.0899999999999999,
        "50to80": 3.5319999999999996,
        "80to120": 19.101999999999997,
        "120to170": 101.935,
        "170to300": 434.8,
        "300toInf": 5395.4800000000005
    },
    "QCDMu": {
        "15to20": 11.972999999999999,
        "20to30": 90.343,
        "30to50": 159.32,
        "50to80": 290.805,
        "80to120": 2108.585,
        "120to170": 6746.157,
        "170to300": 31816.599000000002,
        "300to470": 327794.904,
        "470to600": 2345813.66,
        "600to800": 7594215.989,
        "800to1000": 76027232.051,
        "1000": 80299115.73400001
    },
    "VLLD-ele": {
        "100": 24788.848,
        "200": 204055.208,
        "300": 317285.824,
        "400": 1006132.504,
        "600": 6008122.312,
        "800": 24476815.92,
        "1000": 87304048.236,
        "1200": 266846361.184
    },
    "VLLD-mu": {
        "100": 25018.124,
        "200": 203645.952,
        "300": 317664.896,
        "400": 983729.768,
        "600": 6005733.396,
        "800": 25024875.62,
        "1000": 86477174.848,
        "1200": 269541778.976
    },
    "Muon0": {
        "C1": 17794.0,
        "C2": 17794.0,
        "C3": 17794.0,
        "C4": 17794.0,
        "D1": 9451.0,
        "D2": 9451.0
    },
    "Muon1": {
        "C1": 17794.0,
        "C2": 17794.0,
        "C3": 17794.0,
        "C4": 17794.0,
        "D1": 9451.0,
        "D2": 9451.0
    },
    "EGamma0": {
        "C1": 17794.0,
        "C2": 17794.0,
        "C3": 17794.0,
        "C4": 17794.0,
        "D1": 9451.0,
        "D2": 9451.0
    },
    "EGamma1": {
        "C1": 17794.0,
        "C2": 17794.0,
        "C3": 17794.0,
        "C4": 17794.0,
        "D1": 9451.0,
        "D2": 9451.0
    }
}