{
    "DYJetsToLL":{
	"M10to50": 5925.522,
	"M50"    :30321.155
    },
    "HTbinnedWJets":{
	"70to100"   :   52100.910,
	"100to200"  :   41127.174,
	"200to400"  :  172265.183,
	"400to600"  :  163821.083,
	"600to800"  :  708793.021,
	"800to1200" : 1481985.193,
	"1200to2500": 5602003.457,
	"2500toInf" :79396214.989
    },
    "QCD_MuEnriched":{
	"20to30"   :      23.893,
	"30to50"   :      42.906,
	"50to80"   :     105.880,
	"80to120"  :     508.715,
	"120to170" :    1802.854,
	"170to300" :   10265.815,
	"300to470" :   95249.242,
	"470to600" :  656872.156,
	"600to800" : 2060827.812,
	"800to1000":11337379.457
    },
    "QCD_EMEnriched":{
	"15to20"   :   5.96666541,
	"20to30"   :   2.92664338,
	"30to50"   :   1.33001225,
	"50to80"   :   5.28031791,
	"80to120"  :  25.76427755,
	"120to170" : 145.33569605,
	"170to300" : 223.50433213,
	"300toInf" :2007.24094203
    },
    "SingleTop":{
	"s-channel_LeptonDecays"           :5456748.098,
	"t-channel_AntiTop_InclusiveDecays":1407728.544,
	"t-channel_Top_InclusiveDecays"    :1572627.866,
	"tW_AntiTop_InclusiceDecays"       : 238357.428,
	"tW_Top_InclusiveDecays"           : 245177.196
    },
    "TTBar":{
	"TTTo2L2Nu"       :1642541.624,
	"TTToSemiLeptonic":1304012.700
    },
    "TTW":{
	"TTWToLNu":48627268.5
    },
    "TTZ":{
	"TTZToLL":107659472.141
    },
    "WW":{
	"WWTo1L1Nu2Q":787485.589,
	"WWTo4Q"     :773049.853
    },
    "WZ":{
	"WZTo1L1Nu2Q": 805257.731,
	"WZTo2Q2L"   :4499605.731,
	"WZTo3LNu"   :1889798.538
    },
    "ZZ":{
	"ZZTo2L2Nu":58416512.631,
	"ZZTo2Q2L" : 7928149.608,
	"ZZTo2Q2Nu": 4405016.452,
	"ZZTo4L"   :74330566.038
    },
    "VLLS_ele":{
	"M100":     663355.82,
	"M125":    1305628.98,
	"M150":    2711168.48,
	"M200":    7501655.38,
	"M250":   14091040.54,
	"M300":   28260544.22,
	"M350":   20503757.08,
	"M400":   34859544.66,
	"M450":   55430318.54,
	"M500":   88253458.28,
	"M750":  254269230.77,
	"M1000":1283696498.05
    },
    "VLLS_mu":{
	"M100":     657832.10,
	"M125":    1316553.24,
	"M150":    2711322.46,
	"M200":    7518873.84,
	"M250":   14078253.47,
	"M300":   28312811.79,
	"M400":   34796147.11,
	"M450":   56220989.76,
	"M500":   89068719.32,
	"M750":  255569230.77,
	"M1000":1290479896.24
    },
    "VLLD_ele":{
	"M100":     8608.00,
	"M200":    72142.86,
	"M300":   110405.89,
	"M400":   340531.15,
	"M600":  1953253.97,
	"M800":  7439522.46,
	"M1000":24949660.98
    },
    "VLLD_mu":{
	"M100":   8689.91,
	"M200":  72317.03,
	"M300": 111605.71,
	"M400": 337861.51,
	"M600":1975396.83,
	"M800":7779767.51
    },
    "SingleMuon":{
	"SingleMuon_A":59800,
	"SingleMuon_B":59800,
	"SingleMuon_C":59800,
	"SingleMuon_D":59800
    },
    "EGamma":{
	"EGamma_A":59800,
	"EGamma_B":59800,
	"EGamma_C":59800,
	"EGamma_D":59800
    }
}
