{
  "lep": {
    "1": {"systup": 1.000000,"systdown": 1.000000,"average": 1.000000},
    "2": {"systup": 1.000000,"systdown": 1.000000,"average": 1.000000},
    "3": {"systup": 1.000000,"systdown": 1.000000,"average": 1.000000},
    "4": {"systup": 1.057187,"systdown": 1.057187,"average": 1.057187},
    "5": {"systup": 1.041403,"systdown": 1.040851,"average": 1.041127},
    "6": {"systup": 1.049302,"systdown": 1.048628,"average": 1.048965},
    "7": {"systup": 1.058937,"systdown": 1.058141,"average": 1.058539}
  },
  "trig": {
    "1": {"systup": 1.000000,"systdown": 1.000000,"average": 1.000000},
    "2": {"systup": 1.000000,"systdown": 1.000000,"average": 1.000000},
    "3": {"systup": 1.000000,"systdown": 1.000000,"average": 1.000000},
    "4": {"systup": 1.000000,"systdown": 1.000000,"average": 1.000000},
    "5": {"systup": 1.000069,"systdown": 1.000069,"average": 1.000069},
    "6": {"systup": 1.000101,"systdown": 1.000067,"average": 1.000084},
    "7": {"systup": 1.000114,"systdown": 1.000057,"average": 1.000085}
  },
  "lumi": {
    "1": {"systup": 1.025000,"systdown": 1.025000,"average": 1.025000},
    "2": {"systup": 1.025000,"systdown": 1.025000,"average": 1.025000},
    "3": {"systup": 1.025000,"systdown": 1.025000,"average": 1.025000},
    "4": {"systup": 1.025000,"systdown": 1.025000,"average": 1.025000},
    "5": {"systup": 1.025000,"systdown": 1.025000,"average": 1.025000},
    "6": {"systup": 1.025000,"systdown": 1.025000,"average": 1.025000},
    "7": {"systup": 1.025000,"systdown": 1.025000,"average": 1.025000}
  },
  "combined": {
    "1": {"systup": 1.025000,"systdown": 1.025000,"average": 1.025000},
    "2": {"systup": 1.025000,"systdown": 1.025000,"average": 1.025000},
    "3": {"systup": 1.025000,"systdown": 1.025000,"average": 1.025000},
    "4": {"systup": 1.062413,"systdown": 1.062413,"average": 1.062413},
    "5": {"systup": 1.048366,"systdown": 1.047894,"average": 1.048130},
    "6": {"systup": 1.055279,"systdown": 1.054678,"average": 1.054979},
    "7": {"systup": 1.064020,"systdown": 1.063288,"average": 1.063654}
  }
}