{
  "lep": {
    "1": {"systup": 1.000000,"systdown": 1.000000,"average": 1.000000},
    "2": {"systup": 1.000000,"systdown": 1.000000,"average": 1.000000},
    "3": {"systup": 1.000000,"systdown": 1.000000,"average": 1.000000},
    "4": {"systup": 1.015021,"systdown": 1.015021,"average": 1.015021},
    "5": {"systup": 1.021053,"systdown": 1.020753,"average": 1.020903},
    "6": {"systup": 1.027896,"systdown": 1.027232,"average": 1.027564},
    "7": {"systup": 1.026910,"systdown": 1.026300,"average": 1.026605}
  },
  "trig": {
    "1": {"systup": 1.000000,"systdown": 1.000000,"average": 1.000000},
    "2": {"systup": 1.000000,"systdown": 1.000000,"average": 1.000000},
    "3": {"systup": 1.000000,"systdown": 1.000000,"average": 1.000000},
    "4": {"systup": 1.000000,"systdown": 1.000000,"average": 1.000000},
    "5": {"systup": 1.000086,"systdown": 1.000128,"average": 1.000107},
    "6": {"systup": 1.000221,"systdown": 1.000177,"average": 1.000199},
    "7": {"systup": 1.000152,"systdown": 1.000152,"average": 1.000152}
  },
  "lumi": {
    "1": {"systup": 1.025000,"systdown": 1.025000,"average": 1.025000},
    "2": {"systup": 1.025000,"systdown": 1.025000,"average": 1.025000},
    "3": {"systup": 1.025000,"systdown": 1.025000,"average": 1.025000},
    "4": {"systup": 1.025000,"systdown": 1.025000,"average": 1.025000},
    "5": {"systup": 1.025000,"systdown": 1.025000,"average": 1.025000},
    "6": {"systup": 1.025000,"systdown": 1.025000,"average": 1.025000},
    "7": {"systup": 1.025000,"systdown": 1.025000,"average": 1.025000}
  },
  "combined": {
    "1": {"systup": 1.025000,"systdown": 1.025000,"average": 1.025000},
    "2": {"systup": 1.025000,"systdown": 1.025000,"average": 1.025000},
    "3": {"systup": 1.025000,"systdown": 1.025000,"average": 1.025000},
    "4": {"systup": 1.029166,"systdown": 1.029166,"average": 1.029166},
    "5": {"systup": 1.032684,"systdown": 1.032492,"average": 1.032588},
    "6": {"systup": 1.037460,"systdown": 1.036967,"average": 1.037214},
    "7": {"systup": 1.036731,"systdown": 1.036286,"average": 1.036509}
  }
}