{
  "lep": {
    "1": {"systup": 1.000000,"systdown": 1.000000,"nomYield": 0.000000},
    "2": {"systup": 1.000000,"systdown": 1.000000,"nomYield": 0.000000},
    "3": {"systup": 1.000000,"systdown": 1.000000,"nomYield": 0.000000},
    "4": {"systup": 1.019370,"systdown": 1.019370,"nomYield": 0.826000},
    "5": {"systup": 1.060221,"systdown": 1.059244,"nomYield": 49.136000},
    "6": {"systup": 1.056003,"systdown": 1.054705,"nomYield": 53.158000},
    "7": {"systup": 1.050327,"systdown": 1.048149,"nomYield": 32.150000}
  },
  "trig": {
    "1": {"systup": 1.000000,"systdown": 1.000000,"nomYield": 0.000000},
    "2": {"systup": 1.000000,"systdown": 1.000000,"nomYield": 0.000000},
    "3": {"systup": 1.000000,"systdown": 1.000000,"nomYield": 0.000000},
    "4": {"systup": 1.000000,"systdown": 1.000000,"nomYield": 0.826000},
    "5": {"systup": 1.000204,"systdown": 1.000204,"nomYield": 49.136000},
    "6": {"systup": 1.000301,"systdown": 1.000282,"nomYield": 53.158000},
    "7": {"systup": 1.000249,"systdown": 1.000249,"nomYield": 32.150000}
  },
  "pileup": {
    "1": {"systup": 1.000000,"systdown": 1.000000,"nomYield": 0.000000},
    "2": {"systup": 1.000000,"systdown": 1.000000,"nomYield": 0.000000},
    "3": {"systup": 1.000000,"systdown": 1.000000,"nomYield": 0.000000},
    "4": {"systup": 1.003632,"systdown": 1.008475,"nomYield": 0.826000},
    "5": {"systup": 1.002320,"systdown": 1.002279,"nomYield": 49.136000},
    "6": {"systup": 0.996651,"systdown": 0.996708,"nomYield": 53.158000},
    "7": {"systup": 1.014463,"systdown": 1.012255,"nomYield": 32.150000}
  },
  "bjet": {
    "1": {"systup": 1.000000,"systdown": 1.000000,"nomYield": 0.000000},
    "2": {"systup": 1.000000,"systdown": 1.000000,"nomYield": 0.000000},
    "3": {"systup": 1.000000,"systdown": 1.000000,"nomYield": 0.000000},
    "4": {"systup": 1.000000,"systdown": 1.000000,"nomYield": 0.826000},
    "5": {"systup": 1.000000,"systdown": 1.000000,"nomYield": 49.136000},
    "6": {"systup": 1.000000,"systdown": 1.000000,"nomYield": 53.158000},
    "7": {"systup": 1.000000,"systdown": 1.000000,"nomYield": 32.150000}
  },
  "dy": {
    "1": {"systup": 1.000000,"systdown": 1.000000,"nomYield": 0.000000},
    "2": {"systup": 1.000000,"systdown": 1.000000,"nomYield": 0.000000},
    "3": {"systup": 1.000000,"systdown": 1.000000,"nomYield": 0.000000},
    "4": {"systup": 1.000000,"systdown": 1.000000,"nomYield": 0.826000},
    "5": {"systup": 1.000000,"systdown": 1.000000,"nomYield": 49.136000},
    "6": {"systup": 1.000000,"systdown": 1.000000,"nomYield": 53.158000},
    "7": {"systup": 1.000000,"systdown": 1.000000,"nomYield": 32.150000}
  },
  "qcd": {
    "1": {"systup": 1.000000,"systdown": 1.000000,"nomYield": 0.000000},
    "2": {"systup": 1.000000,"systdown": 1.000000,"nomYield": 0.000000},
    "3": {"systup": 1.000000,"systdown": 1.000000,"nomYield": 0.000000},
    "4": {"systup": 1.000000,"systdown": 1.000000,"nomYield": 0.826000},
    "5": {"systup": 1.000265,"systdown": 1.000265,"nomYield": 49.136000},
    "6": {"systup": 1.001750,"systdown": 1.001731,"nomYield": 53.158000},
    "7": {"systup": 1.000311,"systdown": 1.000311,"nomYield": 32.150000}
  },
  "ttbar": {
    "1": {"systup": 1.000000,"systdown": 1.000000,"nomYield": 0.000000},
    "2": {"systup": 1.000000,"systdown": 1.000000,"nomYield": 0.000000},
    "3": {"systup": 1.000000,"systdown": 1.000000,"nomYield": 0.000000},
    "4": {"systup": 1.082324,"systdown": 1.082324,"nomYield": 0.826000},
    "5": {"systup": 1.066387,"systdown": 1.066387,"nomYield": 49.136000},
    "6": {"systup": 1.055721,"systdown": 1.055702,"nomYield": 53.158000},
    "7": {"systup": 1.038787,"systdown": 1.038787,"nomYield": 32.150000}
  },
  "jec": {
    "1": {"systup": 1.000000,"systdown": 1.000000,"nomYield": 0.000000},
    "2": {"systup": 1.000000,"systdown": 1.000000,"nomYield": 0.000000},
    "3": {"systup": 1.000000,"systdown": 1.000000,"nomYield": 0.000000},
    "4": {"systup": 1.000000,"systdown": 1.021792,"nomYield": 0.826000},
    "5": {"systup": 1.000712,"systdown": 1.007103,"nomYield": 49.136000},
    "6": {"systup": 1.005249,"systdown": 1.004233,"nomYield": 53.158000},
    "7": {"systup": 0.997978,"systdown": 0.994495,"nomYield": 32.150000}
  },
  "jer": {
    "1": {"systup": 1.000000,"systdown": 1.000000,"nomYield": 0.000000},
    "2": {"systup": 1.000000,"systdown": 1.000000,"nomYield": 0.000000},
    "3": {"systup": 1.000000,"systdown": 1.000000,"nomYield": 0.000000},
    "4": {"systup": 0.991525,"systdown": 1.008475,"nomYield": 0.826000},
    "5": {"systup": 0.997171,"systdown": 1.000672,"nomYield": 49.136000},
    "6": {"systup": 0.995993,"systdown": 0.999737,"nomYield": 53.158000},
    "7": {"systup": 0.999689,"systdown": 0.999036,"nomYield": 32.150000}
  },
  "lumi": {
    "global": {"systup": 1.025000,"systdown": 1.025000}
  },
  "combined": {
    "1": {"systup": 1.025000,"systdown": 0.975000},
    "2": {"systup": 1.025000,"systdown": 0.975000},
    "3": {"systup": 1.025000,"systdown": 0.975000},
    "4": {"systup": 1.088671,"systdown": 0.908370},
    "5": {"systup": 1.093128,"systdown": 0.907273},
    "6": {"systup": 1.083211,"systdown": 0.917828},
    "7": {"systup": 1.069826,"systdown": 0.931961}
  }
}