{
  "lep": {
    "1": {"systup": 1.000000,"systdown": 1.000000,"nomYield": 0.000000},
    "2": {"systup": 1.000000,"systdown": 1.000000,"nomYield": 0.000000},
    "3": {"systup": 1.000000,"systdown": 1.000000,"nomYield": 0.000000},
    "4": {"systup": 1.015021,"systdown": 1.015021,"nomYield": 0.466000},
    "5": {"systup": 1.021053,"systdown": 1.020753,"nomYield": 23.370000},
    "6": {"systup": 1.027896,"systdown": 1.027232,"nomYield": 22.584000},
    "7": {"systup": 1.026910,"systdown": 1.026300,"nomYield": 13.118000}
  },
  "trig": {
    "1": {"systup": 1.000000,"systdown": 1.000000,"nomYield": 0.000000},
    "2": {"systup": 1.000000,"systdown": 1.000000,"nomYield": 0.000000},
    "3": {"systup": 1.000000,"systdown": 1.000000,"nomYield": 0.000000},
    "4": {"systup": 1.000000,"systdown": 1.000000,"nomYield": 0.466000},
    "5": {"systup": 1.000086,"systdown": 1.000128,"nomYield": 23.370000},
    "6": {"systup": 1.000221,"systdown": 1.000177,"nomYield": 22.584000},
    "7": {"systup": 1.000152,"systdown": 1.000152,"nomYield": 13.118000}
  },
  "pileup": {
    "1": {"systup": 1.000000,"systdown": 1.000000,"nomYield": 0.000000},
    "2": {"systup": 1.000000,"systdown": 1.000000,"nomYield": 0.000000},
    "3": {"systup": 1.000000,"systdown": 1.000000,"nomYield": 0.000000},
    "4": {"systup": 0.991416,"systdown": 1.002146,"nomYield": 0.466000},
    "5": {"systup": 1.019940,"systdown": 1.023834,"nomYield": 23.370000},
    "6": {"systup": 1.030243,"systdown": 1.029446,"nomYield": 22.584000},
    "7": {"systup": 1.002287,"systdown": 0.999009,"nomYield": 13.118000}
  },
  "bjet": {
    "1": {"systup": 1.000000,"systdown": 1.000000,"nomYield": 0.000000},
    "2": {"systup": 1.000000,"systdown": 1.000000,"nomYield": 0.000000},
    "3": {"systup": 1.000000,"systdown": 1.000000,"nomYield": 0.000000},
    "4": {"systup": 1.000000,"systdown": 1.000000,"nomYield": 0.466000},
    "5": {"systup": 1.000000,"systdown": 1.000000,"nomYield": 23.370000},
    "6": {"systup": 1.000000,"systdown": 1.000000,"nomYield": 22.584000},
    "7": {"systup": 1.000000,"systdown": 1.000000,"nomYield": 13.118000}
  },
  "dy": {
    "1": {"systup": 1.000000,"systdown": 1.000000,"nomYield": 0.000000},
    "2": {"systup": 1.000000,"systdown": 1.000000,"nomYield": 0.000000},
    "3": {"systup": 1.000000,"systdown": 1.000000,"nomYield": 0.000000},
    "4": {"systup": 1.000000,"systdown": 1.000000,"nomYield": 0.466000},
    "5": {"systup": 1.000000,"systdown": 1.000000,"nomYield": 23.370000},
    "6": {"systup": 1.000000,"systdown": 1.000000,"nomYield": 22.584000},
    "7": {"systup": 1.000000,"systdown": 1.000000,"nomYield": 13.118000}
  },
  "qcd": {
    "1": {"systup": 1.000000,"systdown": 1.000000,"nomYield": 0.000000},
    "2": {"systup": 1.000000,"systdown": 1.000000,"nomYield": 0.000000},
    "3": {"systup": 1.000000,"systdown": 1.000000,"nomYield": 0.000000},
    "4": {"systup": 1.000000,"systdown": 1.000000,"nomYield": 0.466000},
    "5": {"systup": 1.000000,"systdown": 1.000000,"nomYield": 23.370000},
    "6": {"systup": 1.000000,"systdown": 1.000000,"nomYield": 22.584000},
    "7": {"systup": 1.000152,"systdown": 1.000076,"nomYield": 13.118000}
  },
  "ttbar": {
    "1": {"systup": 1.000000,"systdown": 1.000000,"nomYield": 0.000000},
    "2": {"systup": 1.000000,"systdown": 1.000000,"nomYield": 0.000000},
    "3": {"systup": 1.000000,"systdown": 1.000000,"nomYield": 0.000000},
    "4": {"systup": 1.081545,"systdown": 1.079399,"nomYield": 0.466000},
    "5": {"systup": 1.096876,"systdown": 1.096919,"nomYield": 23.370000},
    "6": {"systup": 1.089975,"systdown": 1.089931,"nomYield": 22.584000},
    "7": {"systup": 1.064492,"systdown": 1.064492,"nomYield": 13.118000}
  },
  "jec": {
    "1": {"systup": 1.000000,"systdown": 1.000000,"nomYield": 0.000000},
    "2": {"systup": 1.000000,"systdown": 1.000000,"nomYield": 0.000000},
    "3": {"systup": 1.000000,"systdown": 1.000000,"nomYield": 0.000000},
    "4": {"systup": 0.909871,"systdown": 0.997854,"nomYield": 0.466000},
    "5": {"systup": 1.000214,"systdown": 0.999829,"nomYield": 23.370000},
    "6": {"systup": 0.992738,"systdown": 0.990347,"nomYield": 22.584000},
    "7": {"systup": 0.986964,"systdown": 0.998247,"nomYield": 13.118000}
  },
  "jer": {
    "1": {"systup": 1.000000,"systdown": 1.000000,"nomYield": 0.000000},
    "2": {"systup": 1.000000,"systdown": 1.000000,"nomYield": 0.000000},
    "3": {"systup": 1.000000,"systdown": 1.000000,"nomYield": 0.000000},
    "4": {"systup": 1.000000,"systdown": 1.000000,"nomYield": 0.466000},
    "5": {"systup": 0.994951,"systdown": 0.998973,"nomYield": 23.370000},
    "6": {"systup": 0.995793,"systdown": 1.000044,"nomYield": 22.584000},
    "7": {"systup": 0.998704,"systdown": 0.998552,"nomYield": 13.118000}
  },
  "lumi": {
    "global": {"systup": 1.025000,"systdown": 1.025000}
  },
  "combined": {
    "1": {"systup": 1.025000,"systdown": 0.975000},
    "2": {"systup": 1.025000,"systdown": 0.975000},
    "3": {"systup": 1.025000,"systdown": 0.975000},
    "4": {"systup": 1.125288,"systdown": 0.915359},
    "5": {"systup": 1.104290,"systdown": 0.895033},
    "6": {"systup": 1.102390,"systdown": 0.897949},
    "7": {"systup": 1.075400,"systdown": 0.925959}
  }
}