{
  "lep": {
    "1": {"systup": 1.000000,"systdown": 1.000000,"nomYield": 0.000000},
    "2": {"systup": 1.000000,"systdown": 1.000000,"nomYield": 0.000000},
    "3": {"systup": 1.000000,"systdown": 1.000000,"nomYield": 0.000000},
    "4": {"systup": 1.042798,"systdown": 1.042798,"nomYield": 1.215000},
    "5": {"systup": 1.046318,"systdown": 1.044743,"nomYield": 53.327000},
    "6": {"systup": 1.056748,"systdown": 1.055123,"nomYield": 57.852000},
    "7": {"systup": 1.057227,"systdown": 1.055515,"nomYield": 37.954000}
  },
  "trig": {
    "1": {"systup": 1.000000,"systdown": 1.000000,"nomYield": 0.000000},
    "2": {"systup": 1.000000,"systdown": 1.000000,"nomYield": 0.000000},
    "3": {"systup": 1.000000,"systdown": 1.000000,"nomYield": 0.000000},
    "4": {"systup": 1.000000,"systdown": 1.000000,"nomYield": 1.215000},
    "5": {"systup": 1.000169,"systdown": 1.000169,"nomYield": 53.327000},
    "6": {"systup": 1.000259,"systdown": 1.000259,"nomYield": 57.852000},
    "7": {"systup": 1.000184,"systdown": 1.000184,"nomYield": 37.954000}
  },
  "pileup": {
    "1": {"systup": 1.000000,"systdown": 1.000000,"nomYield": 0.000000},
    "2": {"systup": 1.000000,"systdown": 1.000000,"nomYield": 0.000000},
    "3": {"systup": 1.000000,"systdown": 1.000000,"nomYield": 0.000000},
    "4": {"systup": 0.999177,"systdown": 0.996708,"nomYield": 1.215000},
    "5": {"systup": 1.006019,"systdown": 1.007426,"nomYield": 53.327000},
    "6": {"systup": 0.996750,"systdown": 0.997182,"nomYield": 57.852000},
    "7": {"systup": 1.010355,"systdown": 1.012436,"nomYield": 37.954000}
  },
  "bjet": {
    "1": {"systup": 1.000000,"systdown": 1.000000,"nomYield": 0.000000},
    "2": {"systup": 1.000000,"systdown": 1.000000,"nomYield": 0.000000},
    "3": {"systup": 1.000000,"systdown": 1.000000,"nomYield": 0.000000},
    "4": {"systup": 1.000000,"systdown": 1.000000,"nomYield": 1.215000},
    "5": {"systup": 1.000000,"systdown": 1.000000,"nomYield": 53.327000},
    "6": {"systup": 1.000000,"systdown": 1.000000,"nomYield": 57.852000},
    "7": {"systup": 1.000000,"systdown": 1.000000,"nomYield": 37.954000}
  },
  "dy": {
    "1": {"systup": 1.000000,"systdown": 1.000000,"nomYield": 0.000000},
    "2": {"systup": 1.000000,"systdown": 1.000000,"nomYield": 0.000000},
    "3": {"systup": 1.000000,"systdown": 1.000000,"nomYield": 0.000000},
    "4": {"systup": 1.000000,"systdown": 1.000000,"nomYield": 1.215000},
    "5": {"systup": 1.000000,"systdown": 1.000000,"nomYield": 53.327000},
    "6": {"systup": 1.000000,"systdown": 1.000000,"nomYield": 57.852000},
    "7": {"systup": 1.000000,"systdown": 1.000000,"nomYield": 37.954000}
  },
  "qcd": {
    "1": {"systup": 1.000000,"systdown": 1.000000,"nomYield": 0.000000},
    "2": {"systup": 1.000000,"systdown": 1.000000,"nomYield": 0.000000},
    "3": {"systup": 1.000000,"systdown": 1.000000,"nomYield": 0.000000},
    "4": {"systup": 1.000000,"systdown": 1.000000,"nomYield": 1.215000},
    "5": {"systup": 1.000000,"systdown": 1.000000,"nomYield": 53.327000},
    "6": {"systup": 1.000000,"systdown": 1.000000,"nomYield": 57.852000},
    "7": {"systup": 1.000000,"systdown": 1.000000,"nomYield": 37.954000}
  },
  "ttbar": {
    "1": {"systup": 1.000000,"systdown": 1.000000,"nomYield": 0.000000},
    "2": {"systup": 1.000000,"systdown": 1.000000,"nomYield": 0.000000},
    "3": {"systup": 1.000000,"systdown": 1.000000,"nomYield": 0.000000},
    "4": {"systup": 1.041975,"systdown": 1.041975,"nomYield": 1.215000},
    "5": {"systup": 1.057326,"systdown": 1.057326,"nomYield": 53.327000},
    "6": {"systup": 1.047345,"systdown": 1.047345,"nomYield": 57.852000},
    "7": {"systup": 1.034436,"systdown": 1.034410,"nomYield": 37.954000}
  },
  "lumi": {
    "global": {"systup": 1.025000,"systdown": 1.025000}
  },
  "combined": {
    "1": {"systup": 1.025000,"systdown": 0.975000},
    "2": {"systup": 1.025000,"systdown": 0.975000},
    "3": {"systup": 1.025000,"systdown": 0.975000},
    "4": {"systup": 1.064956,"systdown": 0.934966},
    "5": {"systup": 1.078057,"systdown": 0.922745},
    "6": {"systup": 1.078087,"systdown": 0.923103},
    "7": {"systup": 1.072063,"systdown": 0.928968}
  }
}