{
  "lep": {
    "1": {"systup": 1.000000,"systdown": 1.000000,"nomYield": 0.000000},
    "2": {"systup": 1.000000,"systdown": 1.000000,"nomYield": 0.000000},
    "3": {"systup": 1.000000,"systdown": 1.000000,"nomYield": 0.000000},
    "4": {"systup": 1.087397,"systdown": 1.086130,"nomYield": 1.579000},
    "5": {"systup": 1.058794,"systdown": 1.057992,"nomYield": 33.660000},
    "6": {"systup": 1.046658,"systdown": 1.045950,"nomYield": 33.885000},
    "7": {"systup": 1.063456,"systdown": 1.062247,"nomYield": 23.985000}
  },
  "trig": {
    "1": {"systup": 1.000000,"systdown": 1.000000,"nomYield": 0.000000},
    "2": {"systup": 1.000000,"systdown": 1.000000,"nomYield": 0.000000},
    "3": {"systup": 1.000000,"systdown": 1.000000,"nomYield": 0.000000},
    "4": {"systup": 1.000000,"systdown": 1.000000,"nomYield": 1.579000},
    "5": {"systup": 1.000119,"systdown": 1.000119,"nomYield": 33.660000},
    "6": {"systup": 1.000148,"systdown": 1.000148,"nomYield": 33.885000},
    "7": {"systup": 1.000125,"systdown": 1.000125,"nomYield": 23.985000}
  },
  "pileup": {
    "1": {"systup": 1.000000,"systdown": 1.000000,"nomYield": 0.000000},
    "2": {"systup": 1.000000,"systdown": 1.000000,"nomYield": 0.000000},
    "3": {"systup": 1.000000,"systdown": 1.000000,"nomYield": 0.000000},
    "4": {"systup": 0.990500,"systdown": 0.996833,"nomYield": 1.579000},
    "5": {"systup": 1.011913,"systdown": 1.013547,"nomYield": 33.660000},
    "6": {"systup": 0.999675,"systdown": 0.997049,"nomYield": 33.885000},
    "7": {"systup": 0.985408,"systdown": 0.984407,"nomYield": 23.985000}
  },
  "bjet": {
    "1": {"systup": 1.000000,"systdown": 1.000000,"nomYield": 0.000000},
    "2": {"systup": 1.000000,"systdown": 1.000000,"nomYield": 0.000000},
    "3": {"systup": 1.000000,"systdown": 1.000000,"nomYield": 0.000000},
    "4": {"systup": 1.000000,"systdown": 1.000000,"nomYield": 1.579000},
    "5": {"systup": 1.000000,"systdown": 1.000000,"nomYield": 33.660000},
    "6": {"systup": 1.000000,"systdown": 1.000000,"nomYield": 33.885000},
    "7": {"systup": 1.000000,"systdown": 1.000000,"nomYield": 23.985000}
  },
  "dy": {
    "1": {"systup": 1.000000,"systdown": 1.000000,"nomYield": 0.000000},
    "2": {"systup": 1.000000,"systdown": 1.000000,"nomYield": 0.000000},
    "3": {"systup": 1.000000,"systdown": 1.000000,"nomYield": 0.000000},
    "4": {"systup": 1.000000,"systdown": 1.000000,"nomYield": 1.579000},
    "5": {"systup": 1.000000,"systdown": 1.000000,"nomYield": 33.660000},
    "6": {"systup": 1.000000,"systdown": 1.000000,"nomYield": 33.885000},
    "7": {"systup": 1.000000,"systdown": 1.000000,"nomYield": 23.985000}
  },
  "qcd": {
    "1": {"systup": 1.000000,"systdown": 1.000000,"nomYield": 0.000000},
    "2": {"systup": 1.000000,"systdown": 1.000000,"nomYield": 0.000000},
    "3": {"systup": 1.000000,"systdown": 1.000000,"nomYield": 0.000000},
    "4": {"systup": 1.000000,"systdown": 1.000000,"nomYield": 1.579000},
    "5": {"systup": 1.000000,"systdown": 1.000000,"nomYield": 33.660000},
    "6": {"systup": 1.000000,"systdown": 1.000000,"nomYield": 33.885000},
    "7": {"systup": 1.001251,"systdown": 1.001251,"nomYield": 23.985000}
  },
  "ttbar": {
    "1": {"systup": 1.000000,"systdown": 1.000000,"nomYield": 0.000000},
    "2": {"systup": 1.000000,"systdown": 1.000000,"nomYield": 0.000000},
    "3": {"systup": 1.000000,"systdown": 1.000000,"nomYield": 0.000000},
    "4": {"systup": 1.048132,"systdown": 1.047498,"nomYield": 1.579000},
    "5": {"systup": 1.062686,"systdown": 1.062656,"nomYield": 33.660000},
    "6": {"systup": 1.057341,"systdown": 1.057311,"nomYield": 33.885000},
    "7": {"systup": 1.038774,"systdown": 1.038816,"nomYield": 23.985000}
  },
  "jec": {
    "1": {"systup": 1.000000,"systdown": 1.000000,"nomYield": 0.000000},
    "2": {"systup": 1.000000,"systdown": 1.000000,"nomYield": 0.000000},
    "3": {"systup": 1.000000,"systdown": 1.000000,"nomYield": 0.000000},
    "4": {"systup": 1.020899,"systdown": 1.005066,"nomYield": 1.579000},
    "5": {"systup": 0.999881,"systdown": 0.998039,"nomYield": 33.660000},
    "6": {"systup": 0.999115,"systdown": 1.000561,"nomYield": 33.885000},
    "7": {"systup": 0.991620,"systdown": 0.999333,"nomYield": 23.985000}
  },
  "jer": {
    "1": {"systup": 1.000000,"systdown": 1.000000,"nomYield": 0.000000},
    "2": {"systup": 1.000000,"systdown": 1.000000,"nomYield": 0.000000},
    "3": {"systup": 1.000000,"systdown": 1.000000,"nomYield": 0.000000},
    "4": {"systup": 0.994300,"systdown": 0.976567,"nomYield": 1.579000},
    "5": {"systup": 1.000683,"systdown": 0.999554,"nomYield": 33.660000},
    "6": {"systup": 0.999292,"systdown": 0.999764,"nomYield": 33.885000},
    "7": {"systup": 0.998541,"systdown": 1.001459,"nomYield": 23.985000}
  },
  "lumi": {
    "global": {"systup": 1.025000,"systdown": 1.025000}
  },
  "combined": {
    "1": {"systup": 1.025000,"systdown": 0.975000},
    "2": {"systup": 1.025000,"systdown": 0.975000},
    "3": {"systup": 1.025000,"systdown": 0.975000},
    "4": {"systup": 1.105543,"systdown": 0.895672},
    "5": {"systup": 1.090297,"systdown": 0.909992},
    "6": {"systup": 1.078047,"systdown": 0.922346},
    "7": {"systup": 1.080262,"systdown": 0.920920}
  }
}