{
  "lep": {
    "1": {"systup": 1.000000,"systdown": 1.000000,"nomYield": 0.000000},
    "2": {"systup": 1.000000,"systdown": 1.000000,"nomYield": 0.000000},
    "3": {"systup": 1.000000,"systdown": 1.000000,"nomYield": 0.000000},
    "4": {"systup": 1.054066,"systdown": 1.053616,"nomYield": 4.439000},
    "5": {"systup": 1.055982,"systdown": 1.055230,"nomYield": 159.606000},
    "6": {"systup": 1.070087,"systdown": 1.068626,"nomYield": 166.308000},
    "7": {"systup": 1.055713,"systdown": 1.054163,"nomYield": 113.546000}
  },
  "trig": {
    "1": {"systup": 1.000000,"systdown": 1.000000,"nomYield": 0.000000},
    "2": {"systup": 1.000000,"systdown": 1.000000,"nomYield": 0.000000},
    "3": {"systup": 1.000000,"systdown": 1.000000,"nomYield": 0.000000},
    "4": {"systup": 1.000000,"systdown": 1.000000,"nomYield": 4.439000},
    "5": {"systup": 1.000144,"systdown": 1.000132,"nomYield": 159.606000},
    "6": {"systup": 1.000192,"systdown": 1.000186,"nomYield": 166.308000},
    "7": {"systup": 1.000159,"systdown": 1.000141,"nomYield": 113.546000}
  },
  "pileup": {
    "1": {"systup": 1.000000,"systdown": 1.000000,"nomYield": 0.000000},
    "2": {"systup": 1.000000,"systdown": 1.000000,"nomYield": 0.000000},
    "3": {"systup": 1.000000,"systdown": 1.000000,"nomYield": 0.000000},
    "4": {"systup": 1.007209,"systdown": 1.017797,"nomYield": 4.439000},
    "5": {"systup": 1.000238,"systdown": 1.000125,"nomYield": 159.606000},
    "6": {"systup": 0.995490,"systdown": 0.995863,"nomYield": 166.308000},
    "7": {"systup": 1.002801,"systdown": 1.002801,"nomYield": 113.546000}
  },
  "bjet": {
    "1": {"systup": 1.000000,"systdown": 1.000000,"nomYield": 0.000000},
    "2": {"systup": 1.000000,"systdown": 1.000000,"nomYield": 0.000000},
    "3": {"systup": 1.000000,"systdown": 1.000000,"nomYield": 0.000000},
    "4": {"systup": 1.000000,"systdown": 1.000000,"nomYield": 4.439000},
    "5": {"systup": 1.000000,"systdown": 1.000000,"nomYield": 159.606000},
    "6": {"systup": 1.000000,"systdown": 1.000000,"nomYield": 166.308000},
    "7": {"systup": 1.000000,"systdown": 1.000000,"nomYield": 113.546000}
  },
  "dy": {
    "1": {"systup": 1.000000,"systdown": 1.000000,"nomYield": 0.000000},
    "2": {"systup": 1.000000,"systdown": 1.000000,"nomYield": 0.000000},
    "3": {"systup": 1.000000,"systdown": 1.000000,"nomYield": 0.000000},
    "4": {"systup": 1.005632,"systdown": 1.005632,"nomYield": 4.439000},
    "5": {"systup": 1.006760,"systdown": 1.006754,"nomYield": 159.606000},
    "6": {"systup": 1.006981,"systdown": 1.006981,"nomYield": 166.308000},
    "7": {"systup": 1.042714,"systdown": 1.042705,"nomYield": 113.546000}
  },
  "qcd": {
    "1": {"systup": 1.000000,"systdown": 1.000000,"nomYield": 0.000000},
    "2": {"systup": 1.000000,"systdown": 1.000000,"nomYield": 0.000000},
    "3": {"systup": 1.000000,"systdown": 1.000000,"nomYield": 0.000000},
    "4": {"systup": 1.000000,"systdown": 1.000000,"nomYield": 4.439000},
    "5": {"systup": 1.000088,"systdown": 1.000081,"nomYield": 159.606000},
    "6": {"systup": 1.000601,"systdown": 1.000595,"nomYield": 166.308000},
    "7": {"systup": 1.000106,"systdown": 1.000097,"nomYield": 113.546000}
  },
  "ttbar": {
    "1": {"systup": 1.000000,"systdown": 1.000000,"nomYield": 0.000000},
    "2": {"systup": 1.000000,"systdown": 1.000000,"nomYield": 0.000000},
    "3": {"systup": 1.000000,"systdown": 1.000000,"nomYield": 0.000000},
    "4": {"systup": 1.046407,"systdown": 1.046407,"nomYield": 4.439000},
    "5": {"systup": 1.063187,"systdown": 1.063181,"nomYield": 159.606000},
    "6": {"systup": 1.054760,"systdown": 1.054754,"nomYield": 166.308000},
    "7": {"systup": 1.034532,"systdown": 1.034532,"nomYield": 113.546000}
  },
  "jec": {
    "1": {"systup": 1.000000,"systdown": 1.000000,"nomYield": 0.000000},
    "2": {"systup": 1.000000,"systdown": 1.000000,"nomYield": 0.000000},
    "3": {"systup": 1.000000,"systdown": 1.000000,"nomYield": 0.000000},
    "4": {"systup": 1.009462,"systdown": 1.010813,"nomYield": 4.439000},
    "5": {"systup": 0.996742,"systdown": 1.001999,"nomYield": 159.606000},
    "6": {"systup": 1.000469,"systdown": 0.997420,"nomYield": 166.308000},
    "7": {"systup": 0.995958,"systdown": 1.005029,"nomYield": 113.546000}
  },
  "jer": {
    "1": {"systup": 1.000000,"systdown": 1.000000,"nomYield": 0.000000},
    "2": {"systup": 1.000000,"systdown": 1.000000,"nomYield": 0.000000},
    "3": {"systup": 1.000000,"systdown": 1.000000,"nomYield": 0.000000},
    "4": {"systup": 0.988961,"systdown": 1.001577,"nomYield": 4.439000},
    "5": {"systup": 0.996122,"systdown": 1.000013,"nomYield": 159.606000},
    "6": {"systup": 0.998449,"systdown": 0.999152,"nomYield": 166.308000},
    "7": {"systup": 0.995359,"systdown": 0.998952,"nomYield": 113.546000}
  },
  "lumi": {
    "global": {"systup": 1.025000,"systdown": 1.025000}
  },
  "combined": {
    "1": {"systup": 1.025000,"systdown": 0.975000},
    "2": {"systup": 1.025000,"systdown": 0.975000},
    "3": {"systup": 1.025000,"systdown": 0.975000},
    "4": {"systup": 1.077439,"systdown": 0.921763},
    "5": {"systup": 1.088448,"systdown": 0.912155},
    "6": {"systup": 1.092779,"systdown": 0.908315},
    "7": {"systup": 1.082412,"systdown": 0.918704}
  }
}