{
  "lep": {
    "1": {"systup": 1.000000,"systdown": 1.000000,"average": 1.000000},
    "2": {"systup": 1.000000,"systdown": 1.000000,"average": 1.000000},
    "3": {"systup": 1.000000,"systdown": 1.000000,"average": 1.000000},
    "4": {"systup": 1.025066,"systdown": 1.025066,"average": 1.025066},
    "5": {"systup": 1.045300,"systdown": 1.044885,"average": 1.045093},
    "6": {"systup": 1.050104,"systdown": 1.049570,"average": 1.049837},
    "7": {"systup": 1.053783,"systdown": 1.053274,"average": 1.053529}
  },
  "trig": {
    "1": {"systup": 1.000000,"systdown": 1.000000,"average": 1.000000},
    "2": {"systup": 1.000000,"systdown": 1.000000,"average": 1.000000},
    "3": {"systup": 1.000000,"systdown": 1.000000,"average": 1.000000},
    "4": {"systup": 1.000000,"systdown": 1.000000,"average": 1.000000},
    "5": {"systup": 1.000169,"systdown": 1.000184,"average": 1.000177},
    "6": {"systup": 1.000188,"systdown": 1.000204,"average": 1.000196},
    "7": {"systup": 1.000170,"systdown": 1.000170,"average": 1.000170}
  },
  "lumi": {
    "1": {"systup": 1.025000,"systdown": 1.025000,"average": 1.025000},
    "2": {"systup": 1.025000,"systdown": 1.025000,"average": 1.025000},
    "3": {"systup": 1.025000,"systdown": 1.025000,"average": 1.025000},
    "4": {"systup": 1.025000,"systdown": 1.025000,"average": 1.025000},
    "5": {"systup": 1.025000,"systdown": 1.025000,"average": 1.025000},
    "6": {"systup": 1.025000,"systdown": 1.025000,"average": 1.025000},
    "7": {"systup": 1.025000,"systdown": 1.025000,"average": 1.025000}
  },
  "combined": {
    "1": {"systup": 1.025000,"systdown": 1.025000,"average": 1.025000},
    "2": {"systup": 1.025000,"systdown": 1.025000,"average": 1.025000},
    "3": {"systup": 1.025000,"systdown": 1.025000,"average": 1.025000},
    "4": {"systup": 1.035402,"systdown": 1.035402,"average": 1.035402},
    "5": {"systup": 1.051741,"systdown": 1.051378,"average": 1.051560},
    "6": {"systup": 1.055995,"systdown": 1.055518,"average": 1.055756},
    "7": {"systup": 1.059310,"systdown": 1.058849,"average": 1.059079}
  }
}