{
  "lep": {
    "1": {"systup": 1.000000,"systdown": 1.000000,"average": 1.000000},
    "2": {"systup": 1.000000,"systdown": 1.000000,"average": 1.000000},
    "3": {"systup": 1.000000,"systdown": 1.000000,"average": 1.000000},
    "4": {"systup": 1.090967,"systdown": 1.090335,"average": 1.090651},
    "5": {"systup": 1.055807,"systdown": 1.053849,"average": 1.054828},
    "6": {"systup": 1.127652,"systdown": 1.123222,"average": 1.125437},
    "7": {"systup": 1.079579,"systdown": 1.077410,"average": 1.078495}
  },
  "trig": {
    "1": {"systup": 1.000000,"systdown": 1.000000,"average": 1.000000},
    "2": {"systup": 1.000000,"systdown": 1.000000,"average": 1.000000},
    "3": {"systup": 1.000000,"systdown": 1.000000,"average": 1.000000},
    "4": {"systup": 1.000000,"systdown": 1.000632,"average": 1.000316},
    "5": {"systup": 1.000244,"systdown": 1.000235,"average": 1.000239},
    "6": {"systup": 1.000192,"systdown": 1.000192,"average": 1.000192},
    "7": {"systup": 1.000201,"systdown": 1.000201,"average": 1.000201}
  },
  "lumi": {
    "1": {"systup": 1.025000,"systdown": 1.025000,"average": 1.025000},
    "2": {"systup": 1.025000,"systdown": 1.025000,"average": 1.025000},
    "3": {"systup": 1.025000,"systdown": 1.025000,"average": 1.025000},
    "4": {"systup": 1.025000,"systdown": 1.025000,"average": 1.025000},
    "5": {"systup": 1.025000,"systdown": 1.025000,"average": 1.025000},
    "6": {"systup": 1.025000,"systdown": 1.025000,"average": 1.025000},
    "7": {"systup": 1.025000,"systdown": 1.025000,"average": 1.025000}
  },
  "combined": {
    "1": {"systup": 1.025000,"systdown": 1.025000,"average": 1.025000},
    "2": {"systup": 1.025000,"systdown": 1.025000,"average": 1.025000},
    "3": {"systup": 1.025000,"systdown": 1.025000,"average": 1.025000},
    "4": {"systup": 1.094339,"systdown": 1.093732,"average": 1.094036},
    "5": {"systup": 1.061151,"systdown": 1.059370,"average": 1.060260},
    "6": {"systup": 1.130077,"systdown": 1.125732,"average": 1.127905},
    "7": {"systup": 1.083413,"systdown": 1.081347,"average": 1.082380}
  }
}