{
  "lep": {
    "1": {"systup": 1.000000,"systdown": 1.000000,"nomYield": 0.000000},
    "2": {"systup": 1.000000,"systdown": 1.000000,"nomYield": 0.000000},
    "3": {"systup": 1.000000,"systdown": 1.000000,"nomYield": 0.000000},
    "4": {"systup": 1.033225,"systdown": 1.033084,"nomYield": 7.073000},
    "5": {"systup": 1.042157,"systdown": 1.041187,"nomYield": 339.283000},
    "6": {"systup": 1.071262,"systdown": 1.069324,"nomYield": 347.183000},
    "7": {"systup": 1.058395,"systdown": 1.057193,"nomYield": 233.752000}
  },
  "trig": {
    "1": {"systup": 1.000000,"systdown": 1.000000,"nomYield": 0.000000},
    "2": {"systup": 1.000000,"systdown": 1.000000,"nomYield": 0.000000},
    "3": {"systup": 1.000000,"systdown": 1.000000,"nomYield": 0.000000},
    "4": {"systup": 1.000000,"systdown": 1.000141,"nomYield": 7.073000},
    "5": {"systup": 1.000206,"systdown": 1.000209,"nomYield": 339.283000},
    "6": {"systup": 1.000210,"systdown": 1.000213,"nomYield": 347.183000},
    "7": {"systup": 1.000205,"systdown": 1.000205,"nomYield": 233.752000}
  },
  "pileup": {
    "1": {"systup": 1.000000,"systdown": 1.000000,"nomYield": 0.000000},
    "2": {"systup": 1.000000,"systdown": 1.000000,"nomYield": 0.000000},
    "3": {"systup": 1.000000,"systdown": 1.000000,"nomYield": 0.000000},
    "4": {"systup": 1.055563,"systdown": 1.045808,"nomYield": 7.073000},
    "5": {"systup": 1.004937,"systdown": 1.005706,"nomYield": 339.283000},
    "6": {"systup": 1.015784,"systdown": 1.009796,"nomYield": 347.183000},
    "7": {"systup": 0.995393,"systdown": 0.990327,"nomYield": 233.752000}
  },
  "bjet": {
    "1": {"systup": 1.000000,"systdown": 1.000000,"nomYield": 0.000000},
    "2": {"systup": 1.000000,"systdown": 1.000000,"nomYield": 0.000000},
    "3": {"systup": 1.000000,"systdown": 1.000000,"nomYield": 0.000000},
    "4": {"systup": 1.000000,"systdown": 1.000000,"nomYield": 7.073000},
    "5": {"systup": 1.000000,"systdown": 1.000000,"nomYield": 339.283000},
    "6": {"systup": 1.000000,"systdown": 1.000000,"nomYield": 347.183000},
    "7": {"systup": 1.000000,"systdown": 1.000000,"nomYield": 233.752000}
  },
  "dy": {
    "1": {"systup": 1.000000,"systdown": 1.000000,"nomYield": 0.000000},
    "2": {"systup": 1.000000,"systdown": 1.000000,"nomYield": 0.000000},
    "3": {"systup": 1.000000,"systdown": 1.000000,"nomYield": 0.000000},
    "4": {"systup": 1.000000,"systdown": 1.000000,"nomYield": 7.073000},
    "5": {"systup": 1.008689,"systdown": 1.008692,"nomYield": 339.283000},
    "6": {"systup": 1.004796,"systdown": 1.004796,"nomYield": 347.183000},
    "7": {"systup": 1.014738,"systdown": 1.014738,"nomYield": 233.752000}
  },
  "qcd": {
    "1": {"systup": 1.000000,"systdown": 1.000000,"nomYield": 0.000000},
    "2": {"systup": 1.000000,"systdown": 1.000000,"nomYield": 0.000000},
    "3": {"systup": 1.000000,"systdown": 1.000000,"nomYield": 0.000000},
    "4": {"systup": 1.000000,"systdown": 1.000000,"nomYield": 7.073000},
    "5": {"systup": 1.000834,"systdown": 1.000837,"nomYield": 339.283000},
    "6": {"systup": 1.000233,"systdown": 1.000233,"nomYield": 347.183000},
    "7": {"systup": 1.000073,"systdown": 1.000073,"nomYield": 233.752000}
  },
  "ttbar": {
    "1": {"systup": 1.000000,"systdown": 1.000000,"nomYield": 0.000000},
    "2": {"systup": 1.000000,"systdown": 1.000000,"nomYield": 0.000000},
    "3": {"systup": 1.000000,"systdown": 1.000000,"nomYield": 0.000000},
    "4": {"systup": 1.041425,"systdown": 1.041567,"nomYield": 7.073000},
    "5": {"systup": 1.039822,"systdown": 1.039825,"nomYield": 339.283000},
    "6": {"systup": 1.037778,"systdown": 1.037778,"nomYield": 347.183000},
    "7": {"systup": 1.024436,"systdown": 1.024436,"nomYield": 233.752000}
  },
  "jec": {
    "1": {"systup": 1.000000,"systdown": 1.000000,"nomYield": 0.000000},
    "2": {"systup": 1.000000,"systdown": 1.000000,"nomYield": 0.000000},
    "3": {"systup": 1.000000,"systdown": 1.000000,"nomYield": 0.000000},
    "4": {"systup": 1.002969,"systdown": 0.957161,"nomYield": 7.073000},
    "5": {"systup": 1.002608,"systdown": 1.001544,"nomYield": 339.283000},
    "6": {"systup": 0.998139,"systdown": 1.001576,"nomYield": 347.183000},
    "7": {"systup": 0.998130,"systdown": 1.000141,"nomYield": 233.752000}
  },
  "jer": {
    "1": {"systup": 1.000000,"systdown": 1.000000,"nomYield": 0.000000},
    "2": {"systup": 1.000000,"systdown": 1.000000,"nomYield": 0.000000},
    "3": {"systup": 1.000000,"systdown": 1.000000,"nomYield": 0.000000},
    "4": {"systup": 1.000848,"systdown": 0.962534,"nomYield": 7.073000},
    "5": {"systup": 1.000183,"systdown": 0.996242,"nomYield": 339.283000},
    "6": {"systup": 0.998759,"systdown": 0.999369,"nomYield": 347.183000},
    "7": {"systup": 0.999521,"systdown": 0.997801,"nomYield": 233.752000}
  },
  "lumi": {
    "global": {"systup": 1.025000,"systdown": 1.025000}
  },
  "combined": {
    "1": {"systup": 1.025000,"systdown": 0.975000},
    "2": {"systup": 1.025000,"systdown": 0.975000},
    "3": {"systup": 1.025000,"systdown": 0.975000},
    "4": {"systup": 1.080881,"systdown": 0.906274},
    "5": {"systup": 1.063996,"systdown": 0.936496},
    "6": {"systup": 1.086068,"systdown": 0.916454},
    "7": {"systup": 1.069816,"systdown": 0.930654}
  }
}