{
  "lep": {
    "1": {"systup": 1.000000,"systdown": 1.000000,"nomYield": 0.000000},
    "2": {"systup": 1.000000,"systdown": 1.000000,"nomYield": 0.000000},
    "3": {"systup": 1.000000,"systdown": 1.000000,"nomYield": 0.000000},
    "4": {"systup": 1.009098,"systdown": 1.009098,"nomYield": 1.209000},
    "5": {"systup": 1.014357,"systdown": 1.014175,"nomYield": 55.025000},
    "6": {"systup": 1.014756,"systdown": 1.014577,"nomYield": 56.114000},
    "7": {"systup": 1.014495,"systdown": 1.014316,"nomYield": 33.598000}
  },
  "trig": {
    "1": {"systup": 1.000000,"systdown": 1.000000,"nomYield": 0.000000},
    "2": {"systup": 1.000000,"systdown": 1.000000,"nomYield": 0.000000},
    "3": {"systup": 1.000000,"systdown": 1.000000,"nomYield": 0.000000},
    "4": {"systup": 1.000000,"systdown": 1.000000,"nomYield": 1.209000},
    "5": {"systup": 1.000164,"systdown": 1.000145,"nomYield": 55.025000},
    "6": {"systup": 1.000196,"systdown": 1.000196,"nomYield": 56.114000},
    "7": {"systup": 1.000149,"systdown": 1.000179,"nomYield": 33.598000}
  },
  "pileup": {
    "1": {"systup": 1.000000,"systdown": 1.000000,"nomYield": 0.000000},
    "2": {"systup": 1.000000,"systdown": 1.000000,"nomYield": 0.000000},
    "3": {"systup": 1.000000,"systdown": 1.000000,"nomYield": 0.000000},
    "4": {"systup": 1.001654,"systdown": 1.024814,"nomYield": 1.209000},
    "5": {"systup": 1.018737,"systdown": 1.022372,"nomYield": 55.025000},
    "6": {"systup": 1.015023,"systdown": 1.016449,"nomYield": 56.114000},
    "7": {"systup": 1.010030,"systdown": 1.004881,"nomYield": 33.598000}
  },
  "bjet": {
    "1": {"systup": 1.000000,"systdown": 1.000000,"nomYield": 0.000000},
    "2": {"systup": 1.000000,"systdown": 1.000000,"nomYield": 0.000000},
    "3": {"systup": 1.000000,"systdown": 1.000000,"nomYield": 0.000000},
    "4": {"systup": 1.000000,"systdown": 1.000000,"nomYield": 1.209000},
    "5": {"systup": 1.000000,"systdown": 1.000000,"nomYield": 55.025000},
    "6": {"systup": 1.000000,"systdown": 1.000000,"nomYield": 56.114000},
    "7": {"systup": 1.000000,"systdown": 1.000000,"nomYield": 33.598000}
  },
  "dy": {
    "1": {"systup": 1.000000,"systdown": 1.000000,"nomYield": 0.000000},
    "2": {"systup": 1.000000,"systdown": 1.000000,"nomYield": 0.000000},
    "3": {"systup": 1.000000,"systdown": 1.000000,"nomYield": 0.000000},
    "4": {"systup": 1.000000,"systdown": 1.000000,"nomYield": 1.209000},
    "5": {"systup": 1.000000,"systdown": 1.000000,"nomYield": 55.025000},
    "6": {"systup": 1.000000,"systdown": 1.000000,"nomYield": 56.114000},
    "7": {"systup": 1.000000,"systdown": 1.000000,"nomYield": 33.598000}
  },
  "qcd": {
    "1": {"systup": 1.000000,"systdown": 1.000000,"nomYield": 0.000000},
    "2": {"systup": 1.000000,"systdown": 1.000000,"nomYield": 0.000000},
    "3": {"systup": 1.000000,"systdown": 1.000000,"nomYield": 0.000000},
    "4": {"systup": 1.000000,"systdown": 1.000000,"nomYield": 1.209000},
    "5": {"systup": 1.000309,"systdown": 1.000291,"nomYield": 55.025000},
    "6": {"systup": 1.000000,"systdown": 1.000000,"nomYield": 56.114000},
    "7": {"systup": 1.000060,"systdown": 1.000089,"nomYield": 33.598000}
  },
  "ttbar": {
    "1": {"systup": 1.000000,"systdown": 1.000000,"nomYield": 0.000000},
    "2": {"systup": 1.000000,"systdown": 1.000000,"nomYield": 0.000000},
    "3": {"systup": 1.000000,"systdown": 1.000000,"nomYield": 0.000000},
    "4": {"systup": 1.066170,"systdown": 1.066170,"nomYield": 1.209000},
    "5": {"systup": 1.067297,"systdown": 1.067279,"nomYield": 55.025000},
    "6": {"systup": 1.055993,"systdown": 1.055993,"nomYield": 56.114000},
    "7": {"systup": 1.035657,"systdown": 1.035657,"nomYield": 33.598000}
  },
  "jec": {
    "1": {"systup": 1.000000,"systdown": 1.000000,"nomYield": 0.000000},
    "2": {"systup": 1.000000,"systdown": 1.000000,"nomYield": 0.000000},
    "3": {"systup": 1.000000,"systdown": 1.000000,"nomYield": 0.000000},
    "4": {"systup": 1.004136,"systdown": 0.893300,"nomYield": 1.209000},
    "5": {"systup": 0.998855,"systdown": 1.004107,"nomYield": 55.025000},
    "6": {"systup": 1.000570,"systdown": 1.001016,"nomYield": 56.114000},
    "7": {"systup": 0.992142,"systdown": 0.997202,"nomYield": 33.598000}
  },
  "jer": {
    "1": {"systup": 1.000000,"systdown": 1.000000,"nomYield": 0.000000},
    "2": {"systup": 1.000000,"systdown": 1.000000,"nomYield": 0.000000},
    "3": {"systup": 1.000000,"systdown": 1.000000,"nomYield": 0.000000},
    "4": {"systup": 1.001654,"systdown": 0.922250,"nomYield": 1.209000},
    "5": {"systup": 0.996874,"systdown": 0.997928,"nomYield": 55.025000},
    "6": {"systup": 1.001141,"systdown": 0.997024,"nomYield": 56.114000},
    "7": {"systup": 0.998125,"systdown": 0.999345,"nomYield": 33.598000}
  },
  "lumi": {
    "global": {"systup": 1.025000,"systdown": 1.025000}
  },
  "combined": {
    "1": {"systup": 1.025000,"systdown": 0.975000},
    "2": {"systup": 1.025000,"systdown": 0.975000},
    "3": {"systup": 1.025000,"systdown": 0.975000},
    "4": {"systup": 1.071476,"systdown": 0.847908},
    "5": {"systup": 1.075646,"systdown": 0.923357},
    "6": {"systup": 1.064848,"systdown": 0.934783},
    "7": {"systup": 1.047670,"systdown": 0.953810}
  }
}