{
  "lep": {
    "1": {"systup": 1.000000,"systdown": 1.000000,"nomYield": 0.000000},
    "2": {"systup": 1.000000,"systdown": 1.000000,"nomYield": 0.000000},
    "3": {"systup": 1.000000,"systdown": 1.000000,"nomYield": 0.000000},
    "4": {"systup": 1.009098,"systdown": 1.009098,"nomYield": 1.209000},
    "5": {"systup": 1.014357,"systdown": 1.014175,"nomYield": 55.025000},
    "6": {"systup": 1.014756,"systdown": 1.014577,"nomYield": 56.114000},
    "7": {"systup": 1.014495,"systdown": 1.014316,"nomYield": 33.598000}
  },
  "trig": {
    "1": {"systup": 1.000000,"systdown": 1.000000,"nomYield": 0.000000},
    "2": {"systup": 1.000000,"systdown": 1.000000,"nomYield": 0.000000},
    "3": {"systup": 1.000000,"systdown": 1.000000,"nomYield": 0.000000},
    "4": {"systup": 1.000000,"systdown": 1.000000,"nomYield": 1.209000},
    "5": {"systup": 1.000164,"systdown": 1.000145,"nomYield": 55.025000},
    "6": {"systup": 1.000196,"systdown": 1.000196,"nomYield": 56.114000},
    "7": {"systup": 1.000149,"systdown": 1.000179,"nomYield": 33.598000}
  },
  "pileup": {
    "1": {"systup": 1.000000,"systdown": 1.000000,"nomYield": 0.000000},
    "2": {"systup": 1.000000,"systdown": 1.000000,"nomYield": 0.000000},
    "3": {"systup": 1.000000,"systdown": 1.000000,"nomYield": 0.000000},
    "4": {"systup": 1.001654,"systdown": 1.024814,"nomYield": 1.209000},
    "5": {"systup": 1.018737,"systdown": 1.022372,"nomYield": 55.025000},
    "6": {"systup": 1.015023,"systdown": 1.016449,"nomYield": 56.114000},
    "7": {"systup": 1.010030,"systdown": 1.004881,"nomYield": 33.598000}
  },
  "bjet": {
    "1": {"systup": 1.000000,"systdown": 1.000000,"nomYield": 0.000000},
    "2": {"systup": 1.000000,"systdown": 1.000000,"nomYield": 0.000000},
    "3": {"systup": 1.000000,"systdown": 1.000000,"nomYield": 0.000000},
    "4": {"systup": 1.000000,"systdown": 1.000000,"nomYield": 1.209000},
    "5": {"systup": 1.000000,"systdown": 1.000000,"nomYield": 55.025000},
    "6": {"systup": 1.000000,"systdown": 1.000000,"nomYield": 56.114000},
    "7": {"systup": 1.000000,"systdown": 1.000000,"nomYield": 33.598000}
  },
  "dy": {
    "1": {"systup": 1.000000,"systdown": 1.000000,"nomYield": 0.000000},
    "2": {"systup": 1.000000,"systdown": 1.000000,"nomYield": 0.000000},
    "3": {"systup": 1.000000,"systdown": 1.000000,"nomYield": 0.000000},
    "4": {"systup": 1.000000,"systdown": 1.000000,"nomYield": 1.209000},
    "5": {"systup": 1.000000,"systdown": 1.000000,"nomYield": 55.025000},
    "6": {"systup": 1.000000,"systdown": 1.000000,"nomYield": 56.114000},
    "7": {"systup": 1.000000,"systdown": 1.000000,"nomYield": 33.598000}
  },
  "qcd": {
    "1": {"systup": 1.000000,"systdown": 1.000000,"nomYield": 0.000000},
    "2": {"systup": 1.000000,"systdown": 1.000000,"nomYield": 0.000000},
    "3": {"systup": 1.000000,"systdown": 1.000000,"nomYield": 0.000000},
    "4": {"systup": 1.000000,"systdown": 1.000000,"nomYield": 1.209000},
    "5": {"systup": 1.000309,"systdown": 1.000291,"nomYield": 55.025000},
    "6": {"systup": 1.000000,"systdown": 1.000000,"nomYield": 56.114000},
    "7": {"systup": 1.000060,"systdown": 1.000089,"nomYield": 33.598000}
  },
  "ttbar": {
    "1": {"systup": 1.000000,"systdown": 1.000000,"nomYield": 0.000000},
    "2": {"systup": 1.000000,"systdown": 1.000000,"nomYield": 0.000000},
    "3": {"systup": 1.000000,"systdown": 1.000000,"nomYield": 0.000000},
    "4": {"systup": 1.066170,"systdown": 1.066170,"nomYield": 1.209000},
    "5": {"systup": 1.067297,"systdown": 1.067279,"nomYield": 55.025000},
    "6": {"systup": 1.055993,"systdown": 1.055993,"nomYield": 56.114000},
    "7": {"systup": 1.035657,"systdown": 1.035657,"nomYield": 33.598000}
  },
  "lumi": {
    "global": {"systup": 1.025000,"systdown": 1.025000}
  },
  "combined": {
    "1": {"systup": 1.025000,"systdown": 0.975000},
    "2": {"systup": 1.025000,"systdown": 0.975000},
    "3": {"systup": 1.025000,"systdown": 0.975000},
    "4": {"systup": 1.071337,"systdown": 0.924488},
    "5": {"systup": 1.075572,"systdown": 0.923496},
    "6": {"systup": 1.064836,"systdown": 0.934859},
    "7": {"systup": 1.046980,"systdown": 0.953900}
  }
}