{
  "lep": {
    "1": {"systup": 1.000000,"systdown": 1.000000,"average": 1.000000},
    "2": {"systup": 1.000000,"systdown": 1.000000,"average": 1.000000},
    "3": {"systup": 1.000000,"systdown": 1.000000,"average": 1.000000},
    "4": {"systup": 1.072917,"systdown": 1.072285,"average": 1.072601},
    "5": {"systup": 1.112765,"systdown": 1.110209,"average": 1.111487},
    "6": {"systup": 1.057659,"systdown": 1.056604,"average": 1.057132},
    "7": {"systup": 1.113993,"systdown": 1.110765,"average": 1.112379}
  },
  "trig": {
    "1": {"systup": 1.000000,"systdown": 1.000000,"average": 1.000000},
    "2": {"systup": 1.000000,"systdown": 1.000000,"average": 1.000000},
    "3": {"systup": 1.000000,"systdown": 1.000000,"average": 1.000000},
    "4": {"systup": 1.000000,"systdown": 1.000000,"average": 1.000000},
    "5": {"systup": 1.000094,"systdown": 1.000094,"average": 1.000094},
    "6": {"systup": 1.000102,"systdown": 1.000102,"average": 1.000102},
    "7": {"systup": 1.000095,"systdown": 1.000088,"average": 1.000092}
  },
  "lumi": {
    "1": {"systup": 1.025000,"systdown": 1.025000,"average": 1.025000},
    "2": {"systup": 1.025000,"systdown": 1.025000,"average": 1.025000},
    "3": {"systup": 1.025000,"systdown": 1.025000,"average": 1.025000},
    "4": {"systup": 1.025000,"systdown": 1.025000,"average": 1.025000},
    "5": {"systup": 1.025000,"systdown": 1.025000,"average": 1.025000},
    "6": {"systup": 1.025000,"systdown": 1.025000,"average": 1.025000},
    "7": {"systup": 1.025000,"systdown": 1.025000,"average": 1.025000}
  },
  "combined": {
    "1": {"systup": 1.025000,"systdown": 1.025000,"average": 1.025000},
    "2": {"systup": 1.025000,"systdown": 1.025000,"average": 1.025000},
    "3": {"systup": 1.025000,"systdown": 1.025000,"average": 1.025000},
    "4": {"systup": 1.077083,"systdown": 1.076486,"average": 1.076785},
    "5": {"systup": 1.115503,"systdown": 1.113009,"average": 1.114256},
    "6": {"systup": 1.062846,"systdown": 1.061879,"average": 1.062363},
    "7": {"systup": 1.116702,"systdown": 1.113551,"average": 1.115126}
  }
}