{
  "lep": {
    "1": {"systup": 1.000000,"systdown": 1.000000,"nomYield": 0.000000},
    "2": {"systup": 1.000000,"systdown": 1.000000,"nomYield": 0.000000},
    "3": {"systup": 1.000000,"systdown": 1.000000,"nomYield": 0.000000},
    "4": {"systup": 1.029281,"systdown": 1.028394,"nomYield": 2.254000},
    "5": {"systup": 1.048137,"systdown": 1.047644,"nomYield": 83.158000},
    "6": {"systup": 1.048803,"systdown": 1.048270,"nomYield": 90.097000},
    "7": {"systup": 1.051401,"systdown": 1.050788,"nomYield": 55.505000}
  },
  "trig": {
    "1": {"systup": 1.000000,"systdown": 1.000000,"nomYield": 0.000000},
    "2": {"systup": 1.000000,"systdown": 1.000000,"nomYield": 0.000000},
    "3": {"systup": 1.000000,"systdown": 1.000000,"nomYield": 0.000000},
    "4": {"systup": 1.000444,"systdown": 1.000000,"nomYield": 2.254000},
    "5": {"systup": 1.000108,"systdown": 1.000108,"nomYield": 83.158000},
    "6": {"systup": 1.000111,"systdown": 1.000122,"nomYield": 90.097000},
    "7": {"systup": 1.000108,"systdown": 1.000108,"nomYield": 55.505000}
  },
  "pileup": {
    "1": {"systup": 1.000000,"systdown": 1.000000,"nomYield": 0.000000},
    "2": {"systup": 1.000000,"systdown": 1.000000,"nomYield": 0.000000},
    "3": {"systup": 1.000000,"systdown": 1.000000,"nomYield": 0.000000},
    "4": {"systup": 1.072316,"systdown": 1.041704,"nomYield": 2.254000},
    "5": {"systup": 1.005868,"systdown": 1.008309,"nomYield": 83.158000},
    "6": {"systup": 1.000721,"systdown": 1.000122,"nomYield": 90.097000},
    "7": {"systup": 1.001117,"systdown": 1.000504,"nomYield": 55.505000}
  },
  "bjet": {
    "1": {"systup": 1.000000,"systdown": 1.000000,"nomYield": 0.000000},
    "2": {"systup": 1.000000,"systdown": 1.000000,"nomYield": 0.000000},
    "3": {"systup": 1.000000,"systdown": 1.000000,"nomYield": 0.000000},
    "4": {"systup": 1.000000,"systdown": 1.000000,"nomYield": 2.254000},
    "5": {"systup": 1.000000,"systdown": 1.000000,"nomYield": 83.158000},
    "6": {"systup": 1.000000,"systdown": 1.000000,"nomYield": 90.097000},
    "7": {"systup": 1.000000,"systdown": 1.000000,"nomYield": 55.505000}
  },
  "dy": {
    "1": {"systup": 1.000000,"systdown": 1.000000,"nomYield": 0.000000},
    "2": {"systup": 1.000000,"systdown": 1.000000,"nomYield": 0.000000},
    "3": {"systup": 1.000000,"systdown": 1.000000,"nomYield": 0.000000},
    "4": {"systup": 1.000000,"systdown": 1.000000,"nomYield": 2.254000},
    "5": {"systup": 1.000000,"systdown": 1.000000,"nomYield": 83.158000},
    "6": {"systup": 1.000000,"systdown": 1.000000,"nomYield": 90.097000},
    "7": {"systup": 1.000000,"systdown": 1.000000,"nomYield": 55.505000}
  },
  "qcd": {
    "1": {"systup": 1.000000,"systdown": 1.000000,"nomYield": 0.000000},
    "2": {"systup": 1.000000,"systdown": 1.000000,"nomYield": 0.000000},
    "3": {"systup": 1.000000,"systdown": 1.000000,"nomYield": 0.000000},
    "4": {"systup": 1.000000,"systdown": 1.000000,"nomYield": 2.254000},
    "5": {"systup": 1.000000,"systdown": 1.000000,"nomYield": 83.158000},
    "6": {"systup": 1.000000,"systdown": 1.000000,"nomYield": 90.097000},
    "7": {"systup": 1.000000,"systdown": 1.000000,"nomYield": 55.505000}
  },
  "ttbar": {
    "1": {"systup": 1.000000,"systdown": 1.000000,"nomYield": 0.000000},
    "2": {"systup": 1.000000,"systdown": 1.000000,"nomYield": 0.000000},
    "3": {"systup": 1.000000,"systdown": 1.000000,"nomYield": 0.000000},
    "4": {"systup": 1.034605,"systdown": 1.034161,"nomYield": 2.254000},
    "5": {"systup": 1.041740,"systdown": 1.041740,"nomYield": 83.158000},
    "6": {"systup": 1.037204,"systdown": 1.037204,"nomYield": 90.097000},
    "7": {"systup": 1.025223,"systdown": 1.025205,"nomYield": 55.505000}
  },
  "jec": {
    "1": {"systup": 1.000000,"systdown": 1.000000,"nomYield": 0.000000},
    "2": {"systup": 1.000000,"systdown": 1.000000,"nomYield": 0.000000},
    "3": {"systup": 1.000000,"systdown": 1.000000,"nomYield": 0.000000},
    "4": {"systup": 1.006211,"systdown": 0.997782,"nomYield": 2.254000},
    "5": {"systup": 0.998112,"systdown": 0.996344,"nomYield": 83.158000},
    "6": {"systup": 0.998923,"systdown": 0.999034,"nomYield": 90.097000},
    "7": {"systup": 1.003423,"systdown": 0.998487,"nomYield": 55.505000}
  },
  "jer": {
    "1": {"systup": 1.000000,"systdown": 1.000000,"nomYield": 0.000000},
    "2": {"systup": 1.000000,"systdown": 1.000000,"nomYield": 0.000000},
    "3": {"systup": 1.000000,"systdown": 1.000000,"nomYield": 0.000000},
    "4": {"systup": 0.999556,"systdown": 0.995120,"nomYield": 2.254000},
    "5": {"systup": 0.999988,"systdown": 0.997595,"nomYield": 83.158000},
    "6": {"systup": 0.997170,"systdown": 1.000055,"nomYield": 90.097000},
    "7": {"systup": 0.999405,"systdown": 0.998270,"nomYield": 55.505000}
  },
  "lumi": {
    "global": {"systup": 1.025000,"systdown": 1.025000}
  },
  "combined": {
    "1": {"systup": 1.025000,"systdown": 0.975000},
    "2": {"systup": 1.025000,"systdown": 0.975000},
    "3": {"systup": 1.025000,"systdown": 0.975000},
    "4": {"systup": 1.089154,"systdown": 0.933923},
    "5": {"systup": 1.068720,"systdown": 0.931258},
    "6": {"systup": 1.066337,"systdown": 0.934120},
    "7": {"systup": 1.062582,"systdown": 0.937990}
  }
}