{
  "lep": {
    "1": {"systup": 1.000000,"systdown": 1.000000,"nomYield": 0.000000},
    "2": {"systup": 1.000000,"systdown": 1.000000,"nomYield": 0.000000},
    "3": {"systup": 1.000000,"systdown": 1.000000,"nomYield": 0.000000},
    "4": {"systup": 1.012313,"systdown": 1.012071,"nomYield": 4.142000},
    "5": {"systup": 1.016614,"systdown": 1.016380,"nomYield": 213.130000},
    "6": {"systup": 1.018182,"systdown": 1.017884,"nomYield": 230.827000},
    "7": {"systup": 1.017080,"systdown": 1.016831,"nomYield": 160.066000}
  },
  "trig": {
    "1": {"systup": 1.000000,"systdown": 1.000000,"nomYield": 0.000000},
    "2": {"systup": 1.000000,"systdown": 1.000000,"nomYield": 0.000000},
    "3": {"systup": 1.000000,"systdown": 1.000000,"nomYield": 0.000000},
    "4": {"systup": 1.000241,"systdown": 1.000000,"nomYield": 4.142000},
    "5": {"systup": 1.000113,"systdown": 1.000113,"nomYield": 213.130000},
    "6": {"systup": 1.000169,"systdown": 1.000156,"nomYield": 230.827000},
    "7": {"systup": 1.000137,"systdown": 1.000125,"nomYield": 160.066000}
  },
  "pileup": {
    "1": {"systup": 1.000000,"systdown": 1.000000,"nomYield": 0.000000},
    "2": {"systup": 1.000000,"systdown": 1.000000,"nomYield": 0.000000},
    "3": {"systup": 1.000000,"systdown": 1.000000,"nomYield": 0.000000},
    "4": {"systup": 0.999517,"systdown": 1.010140,"nomYield": 4.142000},
    "5": {"systup": 1.015962,"systdown": 1.017726,"nomYield": 213.130000},
    "6": {"systup": 1.014379,"systdown": 1.013456,"nomYield": 230.827000},
    "7": {"systup": 1.010140,"systdown": 1.008828,"nomYield": 160.066000}
  },
  "bjet": {
    "1": {"systup": 1.000000,"systdown": 1.000000,"nomYield": 0.000000},
    "2": {"systup": 1.000000,"systdown": 1.000000,"nomYield": 0.000000},
    "3": {"systup": 1.000000,"systdown": 1.000000,"nomYield": 0.000000},
    "4": {"systup": 1.000000,"systdown": 0.996379,"nomYield": 4.142000},
    "5": {"systup": 0.998865,"systdown": 0.993093,"nomYield": 213.130000},
    "6": {"systup": 0.998744,"systdown": 0.991483,"nomYield": 230.827000},
    "7": {"systup": 0.998688,"systdown": 0.991072,"nomYield": 160.066000}
  },
  "dy": {
    "1": {"systup": 1.000000,"systdown": 1.000000,"nomYield": 0.000000},
    "2": {"systup": 1.000000,"systdown": 1.000000,"nomYield": 0.000000},
    "3": {"systup": 1.000000,"systdown": 1.000000,"nomYield": 0.000000},
    "4": {"systup": 1.000000,"systdown": 1.000000,"nomYield": 4.142000},
    "5": {"systup": 1.000000,"systdown": 1.000000,"nomYield": 213.130000},
    "6": {"systup": 1.000000,"systdown": 1.000000,"nomYield": 230.827000},
    "7": {"systup": 1.000000,"systdown": 1.000000,"nomYield": 160.066000}
  },
  "qcd": {
    "1": {"systup": 1.000000,"systdown": 1.000000,"nomYield": 0.000000},
    "2": {"systup": 1.000000,"systdown": 1.000000,"nomYield": 0.000000},
    "3": {"systup": 1.000000,"systdown": 1.000000,"nomYield": 0.000000},
    "4": {"systup": 1.000000,"systdown": 1.000000,"nomYield": 4.142000},
    "5": {"systup": 1.000160,"systdown": 1.000164,"nomYield": 213.130000},
    "6": {"systup": 1.000000,"systdown": 1.000000,"nomYield": 230.827000},
    "7": {"systup": 1.000031,"systdown": 1.000025,"nomYield": 160.066000}
  },
  "ttbar": {
    "1": {"systup": 1.000000,"systdown": 1.000000,"nomYield": 0.000000},
    "2": {"systup": 1.000000,"systdown": 1.000000,"nomYield": 0.000000},
    "3": {"systup": 1.000000,"systdown": 1.000000,"nomYield": 0.000000},
    "4": {"systup": 1.065186,"systdown": 1.064944,"nomYield": 4.142000},
    "5": {"systup": 1.077638,"systdown": 1.077643,"nomYield": 213.130000},
    "6": {"systup": 1.072396,"systdown": 1.072392,"nomYield": 230.827000},
    "7": {"systup": 1.047643,"systdown": 1.047637,"nomYield": 160.066000}
  },
  "jec": {
    "1": {"systup": 1.000000,"systdown": 1.000000,"nomYield": 0.000000},
    "2": {"systup": 1.000000,"systdown": 1.000000,"nomYield": 0.000000},
    "3": {"systup": 1.000000,"systdown": 1.000000,"nomYield": 0.000000},
    "4": {"systup": 0.984790,"systdown": 0.962820,"nomYield": 4.142000},
    "5": {"systup": 1.002149,"systdown": 1.000596,"nomYield": 213.130000},
    "6": {"systup": 0.995962,"systdown": 0.998488,"nomYield": 230.827000},
    "7": {"systup": 0.993090,"systdown": 0.996826,"nomYield": 160.066000}
  },
  "jer": {
    "1": {"systup": 1.000000,"systdown": 1.000000,"nomYield": 0.000000},
    "2": {"systup": 1.000000,"systdown": 1.000000,"nomYield": 0.000000},
    "3": {"systup": 1.000000,"systdown": 1.000000,"nomYield": 0.000000},
    "4": {"systup": 0.993964,"systdown": 0.982617,"nomYield": 4.142000},
    "5": {"systup": 0.999080,"systdown": 0.998273,"nomYield": 213.130000},
    "6": {"systup": 0.999467,"systdown": 1.000399,"nomYield": 230.827000},
    "7": {"systup": 0.998938,"systdown": 0.999519,"nomYield": 160.066000}
  },
  "lumi": {
    "global": {"systup": 1.025000,"systdown": 1.025000}
  },
  "combined": {
    "1": {"systup": 1.025000,"systdown": 0.975000},
    "2": {"systup": 1.025000,"systdown": 0.975000},
    "3": {"systup": 1.025000,"systdown": 0.975000},
    "4": {"systup": 1.072759,"systdown": 0.917605},
    "5": {"systup": 1.084796,"systdown": 0.914636},
    "6": {"systup": 1.080136,"systdown": 0.919741},
    "7": {"systup": 1.057793,"systdown": 0.942160}
  }
}