{
  "lep": {
    "1": {"systup": 1.000000,"systdown": 1.000000,"average": 1.000000},
    "2": {"systup": 1.000000,"systdown": 1.000000,"average": 1.000000},
    "3": {"systup": 1.000000,"systdown": 1.000000,"average": 1.000000},
    "4": {"systup": 1.043366,"systdown": 1.043028,"average": 1.043197},
    "5": {"systup": 1.038707,"systdown": 1.038012,"average": 1.038359},
    "6": {"systup": 1.045554,"systdown": 1.044638,"average": 1.045096},
    "7": {"systup": 1.044087,"systdown": 1.043203,"average": 1.043645}
  },
  "trig": {
    "1": {"systup": 1.000000,"systdown": 1.000000,"average": 1.000000},
    "2": {"systup": 1.000000,"systdown": 1.000000,"average": 1.000000},
    "3": {"systup": 1.000000,"systdown": 1.000000,"average": 1.000000},
    "4": {"systup": 1.000113,"systdown": 1.000113,"average": 1.000113},
    "5": {"systup": 1.000181,"systdown": 1.000188,"average": 1.000185},
    "6": {"systup": 1.000286,"systdown": 1.000286,"average": 1.000286},
    "7": {"systup": 1.000263,"systdown": 1.000260,"average": 1.000261}
  },
  "lumi": {
    "1": {"systup": 1.025000,"systdown": 1.025000,"average": 1.025000},
    "2": {"systup": 1.025000,"systdown": 1.025000,"average": 1.025000},
    "3": {"systup": 1.025000,"systdown": 1.025000,"average": 1.025000},
    "4": {"systup": 1.025000,"systdown": 1.025000,"average": 1.025000},
    "5": {"systup": 1.025000,"systdown": 1.025000,"average": 1.025000},
    "6": {"systup": 1.025000,"systdown": 1.025000,"average": 1.025000},
    "7": {"systup": 1.025000,"systdown": 1.025000,"average": 1.025000}
  },
  "combined": {
    "1": {"systup": 1.025000,"systdown": 1.025000,"average": 1.025000},
    "2": {"systup": 1.025000,"systdown": 1.025000,"average": 1.025000},
    "3": {"systup": 1.025000,"systdown": 1.025000,"average": 1.025000},
    "4": {"systup": 1.050056,"systdown": 1.049763,"average": 1.049910},
    "5": {"systup": 1.046079,"systdown": 1.045497,"average": 1.045788},
    "6": {"systup": 1.051964,"systdown": 1.051163,"average": 1.051563},
    "7": {"systup": 1.050682,"systdown": 1.049916,"average": 1.050299}
  }
}