{
  "lep": {
    "1": {"systup": 1.000000,"systdown": 1.000000,"average": 1.000000},
    "2": {"systup": 1.000000,"systdown": 1.000000,"average": 1.000000},
    "3": {"systup": 1.000000,"systdown": 1.000000,"average": 1.000000},
    "4": {"systup": 1.046023,"systdown": 1.045534,"average": 1.045778},
    "5": {"systup": 1.073940,"systdown": 1.072338,"average": 1.073139},
    "6": {"systup": 1.072669,"systdown": 1.070455,"average": 1.071562},
    "7": {"systup": 1.068351,"systdown": 1.066614,"average": 1.067482}
  },
  "trig": {
    "1": {"systup": 1.000000,"systdown": 1.000000,"average": 1.000000},
    "2": {"systup": 1.000000,"systdown": 1.000000,"average": 1.000000},
    "3": {"systup": 1.000000,"systdown": 1.000000,"average": 1.000000},
    "4": {"systup": 1.000140,"systdown": 1.000140,"average": 1.000140},
    "5": {"systup": 1.000183,"systdown": 1.000194,"average": 1.000188},
    "6": {"systup": 1.000257,"systdown": 1.000267,"average": 1.000262},
    "7": {"systup": 1.000239,"systdown": 1.000247,"average": 1.000243}
  },
  "lumi": {
    "1": {"systup": 1.025000,"systdown": 1.025000,"average": 1.025000},
    "2": {"systup": 1.025000,"systdown": 1.025000,"average": 1.025000},
    "3": {"systup": 1.025000,"systdown": 1.025000,"average": 1.025000},
    "4": {"systup": 1.025000,"systdown": 1.025000,"average": 1.025000},
    "5": {"systup": 1.025000,"systdown": 1.025000,"average": 1.025000},
    "6": {"systup": 1.025000,"systdown": 1.025000,"average": 1.025000},
    "7": {"systup": 1.025000,"systdown": 1.025000,"average": 1.025000}
  },
  "combined": {
    "1": {"systup": 1.025000,"systdown": 1.025000,"average": 1.025000},
    "2": {"systup": 1.025000,"systdown": 1.025000,"average": 1.025000},
    "3": {"systup": 1.025000,"systdown": 1.025000,"average": 1.025000},
    "4": {"systup": 1.052375,"systdown": 1.051946,"average": 1.052160},
    "5": {"systup": 1.078052,"systdown": 1.076536,"average": 1.077294},
    "6": {"systup": 1.076850,"systdown": 1.074759,"average": 1.075804},
    "7": {"systup": 1.072780,"systdown": 1.071151,"average": 1.071965}
  }
}