{
  "lep": {
    "1": {"systup": 1.000000,"systdown": 1.000000,"average": 1.000000},
    "2": {"systup": 1.000000,"systdown": 1.000000,"average": 1.000000},
    "3": {"systup": 1.000000,"systdown": 1.000000,"average": 1.000000},
    "4": {"systup": 1.010309,"systdown": 1.010309,"average": 1.010309},
    "5": {"systup": 1.017890,"systdown": 1.017890,"average": 1.017890},
    "6": {"systup": 1.023843,"systdown": 1.023677,"average": 1.023760},
    "7": {"systup": 1.028483,"systdown": 1.028210,"average": 1.028347}
  },
  "trig": {
    "1": {"systup": 1.000000,"systdown": 1.000000,"average": 1.000000},
    "2": {"systup": 1.000000,"systdown": 1.000000,"average": 1.000000},
    "3": {"systup": 1.000000,"systdown": 1.000000,"average": 1.000000},
    "4": {"systup": 1.000000,"systdown": 1.000000,"average": 1.000000},
    "5": {"systup": 1.000230,"systdown": 1.000307,"average": 1.000269},
    "6": {"systup": 1.000417,"systdown": 1.000417,"average": 1.000417},
    "7": {"systup": 1.000364,"systdown": 1.000273,"average": 1.000319}
  },
  "lumi": {
    "1": {"systup": 1.025000,"systdown": 1.025000,"average": 1.025000},
    "2": {"systup": 1.025000,"systdown": 1.025000,"average": 1.025000},
    "3": {"systup": 1.025000,"systdown": 1.025000,"average": 1.025000},
    "4": {"systup": 1.025000,"systdown": 1.025000,"average": 1.025000},
    "5": {"systup": 1.025000,"systdown": 1.025000,"average": 1.025000},
    "6": {"systup": 1.025000,"systdown": 1.025000,"average": 1.025000},
    "7": {"systup": 1.025000,"systdown": 1.025000,"average": 1.025000}
  },
  "combined": {
    "1": {"systup": 1.025000,"systdown": 1.025000,"average": 1.025000},
    "2": {"systup": 1.025000,"systdown": 1.025000,"average": 1.025000},
    "3": {"systup": 1.025000,"systdown": 1.025000,"average": 1.025000},
    "4": {"systup": 1.027042,"systdown": 1.027042,"average": 1.027042},
    "5": {"systup": 1.030743,"systdown": 1.030743,"average": 1.030743},
    "6": {"systup": 1.034550,"systdown": 1.034435,"average": 1.034492},
    "7": {"systup": 1.037900,"systdown": 1.037695,"average": 1.037797}
  }
}