{
  "lep": {
    "1": {"systup": 1.000000,"systdown": 1.000000,"average": 1.000000},
    "2": {"systup": 1.000000,"systdown": 1.000000,"average": 1.000000},
    "3": {"systup": 1.000000,"systdown": 1.000000,"average": 1.000000},
    "4": {"systup": 1.009743,"systdown": 1.009636,"average": 1.009690},
    "5": {"systup": 1.019010,"systdown": 1.018832,"average": 1.018921},
    "6": {"systup": 1.023455,"systdown": 1.023157,"average": 1.023306},
    "7": {"systup": 1.026832,"systdown": 1.026447,"average": 1.026640}
  },
  "trig": {
    "1": {"systup": 1.000000,"systdown": 1.000000,"average": 1.000000},
    "2": {"systup": 1.000000,"systdown": 1.000000,"average": 1.000000},
    "3": {"systup": 1.000000,"systdown": 1.000000,"average": 1.000000},
    "4": {"systup": 1.000214,"systdown": 1.000214,"average": 1.000214},
    "5": {"systup": 1.000293,"systdown": 1.000318,"average": 1.000306},
    "6": {"systup": 1.000469,"systdown": 1.000473,"average": 1.000471},
    "7": {"systup": 1.000399,"systdown": 1.000402,"average": 1.000401}
  },
  "lumi": {
    "1": {"systup": 1.025000,"systdown": 1.025000,"average": 1.025000},
    "2": {"systup": 1.025000,"systdown": 1.025000,"average": 1.025000},
    "3": {"systup": 1.025000,"systdown": 1.025000,"average": 1.025000},
    "4": {"systup": 1.025000,"systdown": 1.025000,"average": 1.025000},
    "5": {"systup": 1.025000,"systdown": 1.025000,"average": 1.025000},
    "6": {"systup": 1.025000,"systdown": 1.025000,"average": 1.025000},
    "7": {"systup": 1.025000,"systdown": 1.025000,"average": 1.025000}
  },
  "combined": {
    "1": {"systup": 1.025000,"systdown": 1.025000,"average": 1.025000},
    "2": {"systup": 1.025000,"systdown": 1.025000,"average": 1.025000},
    "3": {"systup": 1.025000,"systdown": 1.025000,"average": 1.025000},
    "4": {"systup": 1.026832,"systdown": 1.026794,"average": 1.026813},
    "5": {"systup": 1.031408,"systdown": 1.031301,"average": 1.031354},
    "6": {"systup": 1.034284,"systdown": 1.034080,"average": 1.034182},
    "7": {"systup": 1.036676,"systdown": 1.036395,"average": 1.036535}
  }
}