{
  "lep": {
    "1": {"systup": 1.000000,"systdown": 1.000000,"nomYield": 0.000000},
    "2": {"systup": 1.000000,"systdown": 1.000000,"nomYield": 0.000000},
    "3": {"systup": 1.000000,"systdown": 1.000000,"nomYield": 0.000000},
    "4": {"systup": 1.006667,"systdown": 1.006667,"nomYield": 0.150000},
    "5": {"systup": 1.007946,"systdown": 1.007946,"nomYield": 10.320000},
    "6": {"systup": 1.011003,"systdown": 1.010896,"nomYield": 18.722000},
    "7": {"systup": 1.013914,"systdown": 1.013726,"nomYield": 21.274000}
  },
  "trig": {
    "1": {"systup": 1.000000,"systdown": 1.000000,"nomYield": 0.000000},
    "2": {"systup": 1.000000,"systdown": 1.000000,"nomYield": 0.000000},
    "3": {"systup": 1.000000,"systdown": 1.000000,"nomYield": 0.000000},
    "4": {"systup": 1.000000,"systdown": 1.000000,"nomYield": 0.150000},
    "5": {"systup": 1.000097,"systdown": 1.000097,"nomYield": 10.320000},
    "6": {"systup": 1.000053,"systdown": 0.999947,"nomYield": 18.722000},
    "7": {"systup": 1.000047,"systdown": 0.999953,"nomYield": 21.274000}
  },
  "pileup": {
    "1": {"systup": 1.000000,"systdown": 1.000000,"nomYield": 0.000000},
    "2": {"systup": 1.000000,"systdown": 1.000000,"nomYield": 0.000000},
    "3": {"systup": 1.000000,"systdown": 1.000000,"nomYield": 0.000000},
    "4": {"systup": 1.066667,"systdown": 1.026667,"nomYield": 0.150000},
    "5": {"systup": 1.025872,"systdown": 1.023450,"nomYield": 10.320000},
    "6": {"systup": 1.023822,"systdown": 1.020190,"nomYield": 18.722000},
    "7": {"systup": 1.012833,"systdown": 1.010905,"nomYield": 21.274000}
  },
  "bjet": {
    "1": {"systup": 1.000000,"systdown": 1.000000,"nomYield": 0.000000},
    "2": {"systup": 1.000000,"systdown": 1.000000,"nomYield": 0.000000},
    "3": {"systup": 1.000000,"systdown": 1.000000,"nomYield": 0.000000},
    "4": {"systup": 1.000000,"systdown": 1.000000,"nomYield": 0.150000},
    "5": {"systup": 0.996124,"systdown": 0.971027,"nomYield": 10.320000},
    "6": {"systup": 0.996528,"systdown": 0.976872,"nomYield": 18.722000},
    "7": {"systup": 0.998120,"systdown": 0.988813,"nomYield": 21.274000}
  },
  "dy": {
    "1": {"systup": 1.000000,"systdown": 1.000000,"nomYield": 0.000000},
    "2": {"systup": 1.000000,"systdown": 1.000000,"nomYield": 0.000000},
    "3": {"systup": 1.000000,"systdown": 1.000000,"nomYield": 0.000000},
    "4": {"systup": 1.000000,"systdown": 1.000000,"nomYield": 0.150000},
    "5": {"systup": 1.000000,"systdown": 1.000000,"nomYield": 10.320000},
    "6": {"systup": 1.000000,"systdown": 1.000000,"nomYield": 18.722000},
    "7": {"systup": 1.000000,"systdown": 1.000000,"nomYield": 21.274000}
  },
  "qcd": {
    "1": {"systup": 1.000000,"systdown": 1.000000,"nomYield": 0.000000},
    "2": {"systup": 1.000000,"systdown": 1.000000,"nomYield": 0.000000},
    "3": {"systup": 1.000000,"systdown": 1.000000,"nomYield": 0.000000},
    "4": {"systup": 1.000000,"systdown": 1.000000,"nomYield": 0.150000},
    "5": {"systup": 1.000000,"systdown": 1.000000,"nomYield": 10.320000},
    "6": {"systup": 1.000000,"systdown": 1.000000,"nomYield": 18.722000},
    "7": {"systup": 1.000000,"systdown": 1.000000,"nomYield": 21.274000}
  },
  "ttbar": {
    "1": {"systup": 1.000000,"systdown": 1.000000,"nomYield": 0.000000},
    "2": {"systup": 1.000000,"systdown": 1.000000,"nomYield": 0.000000},
    "3": {"systup": 1.000000,"systdown": 1.000000,"nomYield": 0.000000},
    "4": {"systup": 1.113333,"systdown": 1.113333,"nomYield": 0.150000},
    "5": {"systup": 1.131977,"systdown": 1.131977,"nomYield": 10.320000},
    "6": {"systup": 1.087384,"systdown": 1.087384,"nomYield": 18.722000},
    "7": {"systup": 1.042916,"systdown": 1.042916,"nomYield": 21.274000}
  },
  "lumi": {
    "global": {"systup": 1.025000,"systdown": 1.025000}
  },
  "combined": {
    "1": {"systup": 1.025000,"systdown": 0.975000},
    "2": {"systup": 1.025000,"systdown": 0.975000},
    "3": {"systup": 1.025000,"systdown": 0.975000},
    "4": {"systup": 1.134009,"systdown": 0.880731},
    "5": {"systup": 1.137078,"systdown": 0.860374},
    "6": {"systup": 1.094666,"systdown": 0.903448},
    "7": {"systup": 1.053185,"systdown": 0.946155}
  }
}