{
  "2016preVFP_UL": {
    "0": [1.040000, 0.063000],
    "3": [0.770000, 0.050000],
    "4": [0.916000, 0.041000]
  },
  "2016postVFP_UL": {
    "0": [0.899000, 0.056000],
    "3": [0.831000, 0.068000],
    "4": [0.873000, 0.043000]
  },
  "2017_UL": {
    "0": [1.103000, 0.037000],
    "3": [1.174000, 0.048000],
    "4": [1.130000, 0.030000]
  },
  "2018_UL": {
    "0": [1.163000, 0.037000],
    "3": [1.206000, 0.048000],
    "4": [1.179000, 0.030000]
  },
  "Run3Summer22": {
    "0": [1.004000, 0.061000],
    "3": [0.868000, 0.062000],
    "4": [0.943000, 0.044000]
  },
  "Run3Summer22EE": {
    "0": [0.830000, 0.024000],
    "3": [0.811000, 0.029000],
    "4": [0.823000, 0.018000]
  },
  "Run3Summer23": {
    "0": [0.892000, 0.037000],
    "3": [0.841000, 0.043000],
    "4": [0.872000, 0.028000]
  },
  "Run3Summer23BPix": {
    "0": [0.837000, 0.050000],
    "3": [0.768000, 0.056000],
    "4": [0.809000, 0.037000]
  },
  "Run2": {
    "0": [1.089000, 0.023000],
    "3": [1.060000, 0.027000],
    "4": [1.077000, 0.017000]
  },
  "Run3": {
    "0": [0.867000, 0.018000],
    "3": [0.820000, 0.021000],
    "4": [0.848000, 0.014000]
  },
  "FullDataset": {
    "0": [0.996000, 0.015000],
    "3": [0.957000, 0.017000],
    "4": [0.981000, 0.011000]
  }
}