{
  "2016preVFP_UL": {
    "0": [1.000000, 0.026000],
    "3": [1.021000, 0.034000],
    "4": [1.008000, 0.021000]
  },
  "2016postVFP_UL": {
    "0": [0.972000, 0.029000],
    "3": [1.038000, 0.040000],
    "4": [0.997000, 0.024000]
  },
  "2017_UL": {
    "0": [1.074000, 0.017000],
    "3": [1.033000, 0.021000],
    "4": [1.058000, 0.013000]
  },
  "2018_UL": {
    "0": [1.052000, 0.016000],
    "3": [1.061000, 0.020000],
    "4": [1.055000, 0.013000]
  },
  "Run3Summer22": {
    "0": [1.083000, 0.042000],
    "3": [1.120000, 0.054000],
    "4": [1.098000, 0.033000]
  },
  "Run3Summer22EE": {
    "0": [1.076000, 0.022000],
    "3": [1.092000, 0.028000],
    "4": [1.082000, 0.017000]
  },
  "Run3Summer23": {
    "0": [1.058000, 0.030000],
    "3": [1.105000, 0.037000],
    "4": [1.077000, 0.023000]
  },
  "Run3Summer23BPix": {
    "0": [1.133000, 0.046000],
    "3": [1.088000, 0.050000],
    "4": [1.116000, 0.034000]
  },
  "Run2": {
    "0": [1.041000, 0.010000],
    "3": [1.044000, 0.013000],
    "4": [1.042000, 0.008000]
  },
  "Run3": {
    "0": [1.080000, 0.016000],
    "3": [1.099000, 0.019000],
    "4": [1.088000, 0.012000]
  },
  "FullDataset": {
    "0": [1.049000, 0.009000],
    "3": [1.055000, 0.011000],
    "4": [1.051000, 0.007000]
  }
}