{
  "2016preVFP_UL": {
    "0": [1.009000, 0.022000],
    "3": [1.021000, 0.029000],
    "4": [1.013000, 0.018000]
  },
  "2016postVFP_UL": {
    "0": [1.043000, 0.026000],
    "3": [0.990000, 0.032000],
    "4": [1.023000, 0.020000]
  },
  "2017_UL": {
    "0": [1.088000, 0.014000],
    "3": [1.091000, 0.017000],
    "4": [1.089000, 0.011000]
  },
  "2018_UL": {
    "0": [1.083000, 0.012000],
    "3": [1.072000, 0.015000],
    "4": [1.079000, 0.010000]
  },
  "Run3Summer22": {
    "0": [1.031000, 0.025000],
    "3": [0.981000, 0.028000],
    "4": [1.010000, 0.019000]
  },
  "Run3Summer22EE": {
    "0": [1.026000, 0.013000],
    "3": [1.030000, 0.017000],
    "4": [1.028000, 0.011000]
  },
  "Run3Summer23": {
    "0": [1.095000, 0.018000],
    "3": [1.071000, 0.022000],
    "4": [1.085000, 0.014000]
  },
  "Run3Summer23BPix": {
    "0": [1.117000, 0.026000],
    "3": [1.058000, 0.030000],
    "4": [1.094000, 0.019000]
  },
  "Run2": {
    "0": [1.069000, 0.008000],
    "3": [1.060000, 0.010000],
    "4": [1.066000, 0.006000]
  },
  "Run3": {
    "0": [1.060000, 0.009000],
    "3": [1.039000, 0.011000],
    "4": [1.052000, 0.007000]
  },
  "FullDataset": {
    "0": [1.066000, 0.006000],
    "3": [1.052000, 0.008000],
    "4": [1.061000, 0.005000]
  }
}