{
  "2016preVFP_UL": {
    "0": [1.002000, 0.008000],
    "3": [0.929000, 0.009000],
    "4": [0.973000, 0.006000]
  },
  "2016postVFP_UL": {
    "0": [1.057000, 0.009000],
    "3": [1.025000, 0.011000],
    "4": [1.044000, 0.007000]
  },
  "2017_UL": {
    "0": [1.090000, 0.005000],
    "3": [0.995000, 0.006000],
    "4": [1.052000, 0.004000]
  },
  "2018_UL": {
    "0": [1.068000, 0.005000],
    "3": [0.994000, 0.006000],
    "4": [1.038000, 0.004000]
  },
  "Run3Summer22": {
    "0": [0.901000, 0.008000],
    "3": [0.965000, 0.010000],
    "4": [0.926000, 0.006000]
  },
  "Run3Summer22EE": {
    "0": [0.945000, 0.004000],
    "3": [0.892000, 0.005000],
    "4": [0.924000, 0.003000]
  },
  "Run3Summer23": {
    "0": [0.995000, 0.006000],
    "3": [0.911000, 0.007000],
    "4": [0.961000, 0.004000]
  },
  "Run3Summer23BPix": {
    "0": [1.012000, 0.008000],
    "3": [0.892000, 0.009000],
    "4": [0.963000, 0.006000]
  },
  "Run2": {
    "0": [1.064000, 0.003000],
    "3": [0.989000, 0.004000],
    "4": [1.034000, 0.002000]
  },
  "Run3": {
    "0": [0.965000, 0.003000],
    "3": [0.907000, 0.004000],
    "4": [0.941000, 0.002000]
  },
  "FullDataset": {
    "0": [1.027000, 0.002000],
    "3": [0.958000, 0.003000],
    "4": [1.000000, 0.002000]
  }
}