{
  "2016preVFP_UL": {
    "0": [0.876000, 0.010000],
    "3": [0.777000, 0.012000],
    "4": [0.837000, 0.008000]
  },
  "2016postVFP_UL": {
    "0": [0.923000, 0.011000],
    "3": [0.886000, 0.014000],
    "4": [0.909000, 0.009000]
  },
  "2017_UL": {
    "0": [0.913000, 0.007000],
    "3": [0.835000, 0.008000],
    "4": [0.882000, 0.005000]
  },
  "2018_UL": {
    "0": [0.896000, 0.006000],
    "3": [0.827000, 0.007000],
    "4": [0.868000, 0.004000]
  },
  "Run3Summer22": {
    "0": [0.804000, 0.017000],
    "3": [0.856000, 0.021000],
    "4": [0.825000, 0.013000]
  },
  "Run3Summer22EE": {
    "0": [0.863000, 0.010000],
    "3": [0.799000, 0.011000],
    "4": [0.837000, 0.007000]
  },
  "Run3Summer23": {
    "0": [0.783000, 0.011000],
    "3": [0.704000, 0.012000],
    "4": [0.750000, 0.008000]
  },
  "Run3Summer23BPix": {
    "0": [0.761000, 0.015000],
    "3": [0.705000, 0.017000],
    "4": [0.738000, 0.011000]
  },
  "Run2": {
    "0": [0.902000, 0.004000],
    "3": [0.830000, 0.004000],
    "4": [0.873000, 0.003000]
  },
  "Run3": {
    "0": [0.815000, 0.006000],
    "3": [0.762000, 0.007000],
    "4": [0.793000, 0.005000]
  },
  "FullDataset": {
    "0": [0.880000, 0.003000],
    "3": [0.812000, 0.004000],
    "4": [0.853000, 0.002000]
  }
}