{
  "2016preVFP_UL": {
    "0": [0.936000, 0.022000],
    "3": [0.922000, 0.028000],
    "4": [0.930000, 0.017000]
  },
  "2016postVFP_UL": {
    "0": [0.958000, 0.027000],
    "3": [0.934000, 0.033000],
    "4": [0.949000, 0.021000]
  },
  "2017_UL": {
    "0": [1.158000, 0.016000],
    "3": [1.131000, 0.019000],
    "4": [1.147000, 0.012000]
  },
  "2018_UL": {
    "0": [1.130000, 0.015000],
    "3": [1.164000, 0.019000],
    "4": [1.143000, 0.012000]
  },
  "Run3Summer22": {
    "0": [1.020000, 0.037000],
    "3": [1.046000, 0.047000],
    "4": [1.030000, 0.029000]
  },
  "Run3Summer22EE": {
    "0": [0.983000, 0.019000],
    "3": [0.996000, 0.024000],
    "4": [0.988000, 0.015000]
  },
  "Run3Summer23": {
    "0": [0.992000, 0.026000],
    "3": [0.987000, 0.031000],
    "4": [0.990000, 0.020000]
  },
  "Run3Summer23BPix": {
    "0": [0.996000, 0.038000],
    "3": [0.960000, 0.042000],
    "4": [0.982000, 0.029000]
  },
  "Run2": {
    "0": [1.083000, 0.009000],
    "3": [1.084000, 0.012000],
    "4": [1.083000, 0.007000]
  },
  "Run3": {
    "0": [0.992000, 0.013000],
    "3": [0.994000, 0.016000],
    "4": [0.993000, 0.010000]
  },
  "FullDataset": {
    "0": [1.061000, 0.008000],
    "3": [1.062000, 0.010000],
    "4": [1.062000, 0.006000]
  }
}