{
  "2016preVFP_UL": {
    "0": [1.030000, 0.021000],
    "3": [1.079000, 0.029000],
    "4": [1.047000, 0.017000]
  },
  "2016postVFP_UL": {
    "0": [1.093000, 0.026000],
    "3": [1.063000, 0.032000],
    "4": [1.081000, 0.020000]
  },
  "2017_UL": {
    "0": [1.063000, 0.014000],
    "3": [1.058000, 0.018000],
    "4": [1.061000, 0.011000]
  },
  "2018_UL": {
    "0": [1.051000, 0.013000],
    "3": [1.069000, 0.016000],
    "4": [1.058000, 0.010000]
  },
  "Run3Summer22": {
    "0": [1.004000, 0.028000],
    "3": [1.011000, 0.033000],
    "4": [1.007000, 0.021000]
  },
  "Run3Summer22EE": {
    "0": [1.033000, 0.015000],
    "3": [1.034000, 0.019000],
    "4": [1.034000, 0.012000]
  },
  "Run3Summer23": {
    "0": [1.119000, 0.020000],
    "3": [1.076000, 0.024000],
    "4": [1.102000, 0.016000]
  },
  "Run3Summer23BPix": {
    "0": [1.128000, 0.028000],
    "3": [1.029000, 0.033000],
    "4": [1.089000, 0.021000]
  },
  "Run2": {
    "0": [1.057000, 0.008000],
    "3": [1.066000, 0.010000],
    "4": [1.060000, 0.006000]
  },
  "Run3": {
    "0": [1.068000, 0.010000],
    "3": [1.042000, 0.013000],
    "4": [1.058000, 0.008000]
  },
  "FullDataset": {
    "0": [1.060000, 0.007000],
    "3": [1.059000, 0.008000],
    "4": [1.060000, 0.005000]
  }
}