{
  "2016preVFP_UL": {
    "0": [0.875000, 0.010000],
    "3": [0.768000, 0.011000],
    "4": [0.832000, 0.007000]
  },
  "2016postVFP_UL": {
    "0": [0.929000, 0.011000],
    "3": [0.881000, 0.013000],
    "4": [0.910000, 0.009000]
  },
  "2017_UL": {
    "0": [0.917000, 0.007000],
    "3": [0.839000, 0.008000],
    "4": [0.885000, 0.005000]
  },
  "2018_UL": {
    "0": [0.902000, 0.006000],
    "3": [0.830000, 0.007000],
    "4": [0.873000, 0.004000]
  },
  "Run3Summer22": {
    "0": [0.814000, 0.017000],
    "3": [0.838000, 0.021000],
    "4": [0.824000, 0.013000]
  },
  "Run3Summer22EE": {
    "0": [0.860000, 0.010000],
    "3": [0.797000, 0.011000],
    "4": [0.834000, 0.007000]
  },
  "Run3Summer23": {
    "0": [0.774000, 0.011000],
    "3": [0.699000, 0.012000],
    "4": [0.743000, 0.008000]
  },
  "Run3Summer23BPix": {
    "0": [0.763000, 0.015000],
    "3": [0.716000, 0.017000],
    "4": [0.743000, 0.011000]
  },
  "Run2": {
    "0": [0.906000, 0.004000],
    "3": [0.830000, 0.004000],
    "4": [0.875000, 0.003000]
  },
  "Run3": {
    "0": [0.813000, 0.006000],
    "3": [0.759000, 0.007000],
    "4": [0.791000, 0.005000]
  },
  "FullDataset": {
    "0": [0.884000, 0.003000],
    "3": [0.813000, 0.004000],
    "4": [0.855000, 0.002000]
  }
}