{
  "2016preVFP_UL": {
    "0": [0.902000, 0.024000],
    "3": [0.822000, 0.027000],
    "4": [0.870000, 0.018000]
  },
  "2016postVFP_UL": {
    "0": [0.963000, 0.029000],
    "3": [0.907000, 0.034000],
    "4": [0.941000, 0.022000]
  },
  "2017_UL": {
    "0": [1.199000, 0.018000],
    "3": [1.134000, 0.021000],
    "4": [1.174000, 0.014000]
  },
  "2018_UL": {
    "0": [1.154000, 0.016000],
    "3": [1.116000, 0.020000],
    "4": [1.139000, 0.012000]
  },
  "Run3Summer22": {
    "0": [0.868000, 0.018000],
    "3": [0.929000, 0.023000],
    "4": [0.893000, 0.014000]
  },
  "Run3Summer22EE": {
    "0": [0.876000, 0.010000],
    "3": [0.830000, 0.011000],
    "4": [0.858000, 0.007000]
  },
  "Run3Summer23": {
    "0": [0.912000, 0.013000],
    "3": [0.842000, 0.015000],
    "4": [0.883000, 0.010000]
  },
  "Run3Summer23BPix": {
    "0": [0.900000, 0.019000],
    "3": [0.791000, 0.020000],
    "4": [0.855000, 0.014000]
  },
  "Run2": {
    "0": [1.099000, 0.010000],
    "3": [1.043000, 0.012000],
    "4": [1.077000, 0.008000]
  },
  "Run3": {
    "0": [0.889000, 0.007000],
    "3": [0.840000, 0.008000],
    "4": [0.869000, 0.005000]
  },
  "FullDataset": {
    "0": [0.982000, 0.006000],
    "3": [0.928000, 0.007000],
    "4": [0.961000, 0.004000]
  }
}