{
  "2016preVFP_UL": {
    "3": [0.451000, 0.028000]
  },
  "2016postVFP_UL": {
    "3": [0.533000, 0.036000]
  },
  "2017_UL": {
    "3": [1.293000, 0.102000]
  },
  "2018_UL": {
    "3": [1.314000, 0.093000]
  },
  "Run3Summer22": {
    "3": [0.845000, 0.087000]
  },
  "Run3Summer22EE": {
    "3": [0.669000, 0.041000]
  },
  "Run3Summer23": {
    "3": [0.667000, 0.048000]
  },
  "Run3Summer23BPix": {
    "3": [0.602000, 0.065000]
  }
}