{
  "2016preVFP_UL": {
    "0": [0.866000, 0.051000],
    "1": [0.876000, 0.060000],
    "2": [0.737000, 0.045000],
    "3": [0.977000, 0.084000],
    "4": [0.840000, 0.028000]
  },
  "2016postVFP_UL": {
    "0": [1.005000, 0.057000],
    "1": [1.014000, 0.070000],
    "2": [0.891000, 0.053000],
    "3": [0.922000, 0.083000],
    "4": [0.958000, 0.031000]
  },
  "2017_UL": {
    "0": [1.024000, 0.039000],
    "1": [1.055000, 0.049000],
    "2": [1.044000, 0.040000],
    "3": [1.051000, 0.065000],
    "4": [1.040000, 0.023000]
  },
  "2018_UL": {
    "0": [1.079000, 0.034000],
    "1": [1.014000, 0.041000],
    "2": [0.966000, 0.032000],
    "3": [1.020000, 0.069000],
    "4": [1.021000, 0.020000]
  },
  "Run3Summer22": {
    "0": [1.273000, 0.112000],
    "1": [0.928000, 0.092000],
    "2": [1.226000, 0.107000],
    "3": [1.398000, 0.157000],
    "4": [1.178000, 0.056000]
  },
  "Run3Summer22EE": {
    "0": [1.083000, 0.053000],
    "1": [0.967000, 0.051000],
    "2": [1.032000, 0.053000],
    "3": [1.219000, 0.081000],
    "4": [1.056000, 0.028000]
  },
  "Run3Summer23": {
    "0": [1.047000, 0.059000],
    "1": [0.976000, 0.057000],
    "2": [0.710000, 0.045000],
    "3": [1.219000, 0.091000],
    "4": [0.947000, 0.030000]
  },
  "Run3Summer23BPix": {
    "0": [1.163000, 0.083000],
    "1": [0.819000, 0.074000],
    "2": [0.862000, 0.071000],
    "3": [0.900000, 0.106000],
    "4": [0.940000, 0.041000]
  },
  "Run2": {
    "0": [1.021000, 0.021000],
    "1": [1.004000, 0.026000],
    "2": [0.941000, 0.020000],
    "3": [1.007000, 0.038000],
    "4": [0.990000, 0.012000]
  },
  "Run3": {
    "0": [1.107000, 0.034000],
    "1": [0.939000, 0.032000],
    "2": [0.913000, 0.030000],
    "3": [1.187000, 0.050000],
    "4": [1.013000, 0.017000]
  },
  "FullDataset": {
    "0": [1.047000, 0.018000],
    "1": [0.979000, 0.020000],
    "2": [0.933000, 0.017000],
    "3": [1.069000, 0.031000],
    "4": [0.997000, 0.010000]
  }
}
