{
  "2016preVFP_UL": {
    "0": [0.004000, 0.004000],
    "1": [0.003000, 0.003000],
    "2": [0.007000, 0.005000],
    "3": [0.003000, 0.003000],
    "4": [0.005000, 0.003000]
  },
  "2016postVFP_UL": {
    "0": [0.004000, 0.005000],
    "1": [0.002000, 0.002000],
    "2": [0.002000, 0.003000],
    "3": [0.000000, 0.000000],
    "4": [0.003000, 0.003000]
  },
  "2017_UL": {
    "0": [0.007000, 0.006000],
    "1": [0.005000, 0.004000],
    "2": [0.008000, 0.005000],
    "3": [0.005000, 0.008000],
    "4": [0.006000, 0.004000]
  },
  "2018_UL": {
    "0": [0.005000, 0.007000],
    "1": [0.005000, 0.005000],
    "2": [0.008000, 0.006000],
    "3": [0.006000, 0.007000],
    "4": [0.006000, 0.004000]
  },
  "Run3Summer22": {
    "0": [0.002000, 0.002000],
    "1": [0.003000, 0.004000],
    "2": [0.003000, 0.003000],
    "3": [0.003000, 0.002000],
    "4": [0.003000, 0.002000]
  },
  "Run3Summer22EE": {
    "0": [0.004000, 0.004000],
    "1": [0.006000, 0.004000],
    "2": [0.005000, 0.005000],
    "3": [0.005000, 0.004000],
    "4": [0.005000, 0.003000]
  },
  "Run3Summer23": {
    "0": [0.003000, 0.003000],
    "1": [0.004000, 0.003000],
    "2": [0.004000, 0.004000],
    "3": [0.004000, 0.003000],
    "4": [0.004000, 0.002000]
  },
  "Run3Summer23BPix": {
    "0": [0.002000, 0.002000],
    "1": [0.003000, 0.003000],
    "2": [0.003000, 0.003000],
    "3": [0.003000, 0.002000],
    "4": [0.003000, 0.002000]
  },
  "Run2": {
    "4": [0.010000, 0.004000]
  },
  "Run3": {
    "4": [0.008000, 0.002000]
  },
  "FullDataset": {
    "0": [0.011000, 0.005000],
    "1": [0.011000, 0.004000],
    "2": [0.015000, 0.005000],
    "3": [0.010000, 0.005000],
    "4": [0.013000, 0.003000]
  }
}