{
  "2016preVFP_UL": {
    "0": [1.075597, 0.158657],
    "1": [1.169044, 0.239430],
    "2": [0.849484, 0.168613],
    "3": [0.863379, 0.267359],
    "4": [0.986525, 0.097998]
  },
  "2016postVFP_UL": {
    "0": [0.775981, 0.126906],
    "1": [1.232353, 0.232473],
    "2": [0.988249, 0.162314],
    "3": [1.017334, 0.302568],
    "4": [0.962164, 0.091187]
  },
  "2017_UL": {
    "0": [1.128200, 0.110906],
    "1": [1.242805, 0.157771],
    "2": [1.026590, 0.108191],
    "3": [1.380104, 0.251845],
    "4": [1.143873, 0.068143]
  },
  "2018_UL": {
    "0": [1.122869, 0.089824],
    "1": [1.278079, 0.134777],
    "2": [1.055021, 0.089042],
    "3": [1.445923, 0.212307],
    "4": [1.168686, 0.056878]
  },
  "Run3Summer22": {
    "0": [0.979497, 0.251992],
    "1": [2.038852, 0.429152],
    "2": [1.402818, 0.296314],
    "3": [1.743977, 0.434383],
    "4": [1.492339, 0.171248]
  },
  "Run3Summer22EE": {
    "0": [1.276465, 0.147469],
    "1": [1.003478, 0.152625],
    "2": [1.300170, 0.149199],
    "3": [1.118152, 0.200987],
    "4": [1.186574, 0.079914]
  },
  "Run3Summer23": {
    "0": [0.680544, 0.127480],
    "1": [1.051397, 0.167776],
    "2": [0.766301, 0.139004],
    "3": [0.842470, 0.255078],
    "4": [0.830418, 0.080882]
  },
  "Run3Summer23BPix": {
    "0": [1.062344, 0.200055],
    "1": [0.357235, 0.256890],
    "2": [1.061930, 0.204161],
    "3": [1.117559, 0.370866],
    "4": [0.917268, 0.119973]
  },
  "Run2": {
    "4": [1.106568, 0.036584]
  },
  "Run3": {
    "4": [1.063469, 0.049699]
  },
  "FullDataset": {
    "0": [1.049073, 0.047440],
    "1": [1.157332, 0.066395],
    "2": [1.041729, 0.049284],
    "3": [1.202135, 0.094070],
    "4": [1.091653, 0.029465]
  }
}