{
  "2016preVFP_UL": {
    "0": [1.055000, 0.117000],
    "1": [1.097000, 0.139000],
    "2": [0.913000, 0.100000],
    "3": [0.941000, 0.127000],
    "4": [0.992000, 0.059000]
  },
  "2016postVFP_UL": {
    "0": [0.824000, 0.101000],
    "1": [1.144000, 0.146000],
    "2": [0.992000, 0.106000],
    "3": [1.008000, 0.147000],
    "4": [0.976000, 0.060000]
  },
  "2017_UL": {
    "0": [1.094000, 0.083000],
    "1": [1.153000, 0.101000],
    "2": [1.018000, 0.074000],
    "3": [1.165000, 0.146000],
    "4": [1.092000, 0.047000]
  },
  "2018_UL": {
    "0": [1.094000, 0.069000],
    "1": [1.177000, 0.087000],
    "2": [1.038000, 0.062000],
    "3": [1.172000, 0.178000],
    "4": [1.107000, 0.048000]
  },
  "Run3Summer22": {
    "0": [0.984000, 0.193000],
    "1": [1.577000, 0.245000],
    "2": [1.261000, 0.194000],
    "3": [1.361000, 0.223000],
    "4": [1.300000, 0.107000]
  },
  "Run3Summer22EE": {
    "0": [1.215000, 0.116000],
    "1": [1.002000, 0.101000],
    "2": [1.198000, 0.101000],
    "3": [1.059000, 0.106000],
    "4": [1.120000, 0.053000]
  },
  "Run3Summer23": {
    "0": [0.755000, 0.099000],
    "1": [1.034000, 0.118000],
    "2": [0.836000, 0.099000],
    "3": [0.932000, 0.127000],
    "4": [0.891000, 0.055000]
  },
  "Run3Summer23BPix": {
    "0": [1.049000, 0.160000],
    "1": [0.716000, 0.224000],
    "2": [1.044000, 0.149000],
    "3": [1.054000, 0.184000],
    "4": [0.950000, 0.105000]
  },
  "Run2": {
    "4": [1.067000, 0.027000]
  },
  "Run3": {
    "4": [1.040000, 0.036000]
  },
  "FullDataset": {
    "0": [1.037000, 0.036000],
    "1": [1.096000, 0.048000],
    "2": [1.028000, 0.033000],
    "3": [1.088000, 0.061000],
    "4": [1.058000, 0.021000]
  }
}