{
  "2016preVFP_UL": {
    "0": [0.692000, 0.126000],
    "1": [0.346000, 0.080000],
    "2": [0.615000, 0.091000],
    "3": [0.810000, 0.105000]
  },
  "2016postVFP_UL": {
    "0": [0.792000, 0.137000],
    "1": [0.410000, 0.091000],
    "2": [0.703000, 0.102000],
    "3": [0.995000, 0.133000]
  },
  "2017_UL": {
    "0": [1.108000, 0.189000],
    "1": [0.635000, 0.137000],
    "2": [1.065000, 0.153000],
    "3": [1.587000, 0.205000]
  },
  "2018_UL": {
    "0": [1.173000, 0.207000],
    "1": [0.656000, 0.143000],
    "2": [1.178000, 0.170000],
    "3": [1.732000, 0.224000]
  },
  "Run3Summer22": {
    "0": [0.380000, 0.083000],
    "1": [0.216000, 0.053000],
    "2": [0.456000, 0.080000],
    "3": [0.563000, 0.082000]
  },
  "Run3Summer22EE": {
    "0": [0.721000, 0.144000],
    "1": [0.395000, 0.088000],
    "2": [0.802000, 0.126000],
    "3": [1.099000, 0.146000]
  },
  "Run3Summer23": {
    "0": [0.517000, 0.104000],
    "1": [0.302000, 0.073000],
    "2": [0.641000, 0.106000],
    "3": [0.850000, 0.119000]
  },
  "Run3Summer23BPix": {
    "0": [0.365000, 0.078000],
    "1": [0.219000, 0.057000],
    "2": [0.415000, 0.076000],
    "3": [0.613000, 0.096000]
  }
}