{
    "WtoLNu": {
        "Inclusive": 171999.402728,
        "70to100": 1.0,
        "100to200": 1.0,
        "200to400": 1.0,
        "400to600": 1.0,
        "600to800": 1.0,
        "800to1200": 1.0,
        "1200to2500": 1.0,
        "2500toInf": 1.0
    },
    "WGtoLNuG": {
        "Inclusive": 357.851134
    },
    "DYto2L": {
        "10to50": 1.0,
        "50toInf": 16846.925673
    },
    "DYGToLLG": {
        "Inclusive": 99.259537
    },
    "TT": {
        "TTto2L2Nu": 71.59747,
        "TTtoLNu2Q": 298.084211
    },
    "ST": {
        "s-channel": 3.563173,
        "t-channel-antitop": 71.616672,
        "t-channel-top": 105.466629
    },
    "TW": {
        "antitop": 32.430479,
        "top": 32.307365
    },
    "TTV": {
        "TTWtoLNu": 0.075041,
        "TTZtoLL": 0.336057
    },
    "RareTop": {
        "THQ": 1.0,
        "THW": 1.0,
        "TTHH": 1.0,
        "TTTJ": 1.0,
        "TTTT": 0.008113,
        "TTTW": 1.0,
        "TTWH": 1.0,
        "TTWW": 1.0,
        "TTWZ": 1.0,
        "TTZH": 1.0,
        "TTZZ": 1.0,
        "TZQB": 0.077443
    },
    "VVSS": {
        "WpWpEWK": 1.0,
        "WpWpQCD": 1.0
    },
    "VV": {
        "WWto2L2Nu": 11.042904,
        "WWto4Q": 85.732557,
        "WWtoLNu2Q": 84.889152,
        "WZto2L2Q": 18.005661,
        "WZto3LNu": 8.487147,
        "WZtoLNu2Q": 15.070145,
        "ZZto2L2Nu": 0.985602,
        "ZZto2L2Q": 5.518004,
        "ZZto2Nu2Q": 7.611902,
        "ZZto4L": 1.326598
    },
    "VVV": {
        "WWW": 0.215493,
        "WWZ": 0.171597,
        "WZZ": 0.057182,
        "ZZZ": 0.014819
    },
    "Higgs": {
        "GGHHto2W": 21.411591,
        "GGHHtoZZ": 28.824633,
        "TTHtoNon2B": 0.500585,
        "VBFHto2Zto2L2Nu": 3.93337,
        "VBFHto2Zto4L": 3.933996,
        "WminusHHto2C": 0.177306,
        "WminusHHto2B": 0.177266,
        "WplusHHtoZG": 0.541843,
        "bbHto2Z": 1.0
    },
    "QCDEM": {
        "15to20": 1.000114,
        "20to30": 1.0,
        "30to50": 1.0,
        "50to80": 1.0,
        "80to120": 1.000162,
        "120to170": 1.000011,
        "170to300": 1.0,
        "300toInf": 1.0
    },
    "QCDMu": {
        "15to20": 1.000156,
        "20to30": 1.000013,
        "30to50": 1.0,
        "50to80": 1.0,
        "80to120": 1.000113,
        "120to170": 1.000024,
        "170to300": 1.0,
        "300to470": 1.0,
        "470to600": 1.000003,
        "600to800": 1.0,
        "800to1000": 1.0,
        "1000": 1.0
    },
    "VLLD-ele": {
        "100": 0.000462,
        "200": 0.049007,
        "300": 0.14028,
        "400": 0.25112,
        "600": 0.25112,
        "800": 0.59758,
        "1000": 0.62522,
        "1200": 0.57536,
        "1400": 0.48496
    },
    "VLLD-mu": {
        "100": 0.00046,
        "200": 0.048973,
        "300": 0.14024,
        "400": 0.2509,
        "600": 0.466,
        "800": 0.59778,
        "1000": 0.62658,
        "1200": 0.57552,
        "1400": 0.4854
    }
}