{
    "WtoLNu": {
        "Inclusive": 172038.814148,
        "70to100": 1.0,
        "100to200": 1.0,
        "200to400": 1.0,
        "400to600": 1.0,
        "600to800": 1.0,
        "800to1200": 1.0,
        "1200to2500": 1.0,
        "2500toInf": 1.0
    },
    "WGtoLNuG": {
        "Inclusive": 358.023635
    },
    "DYto2L": {
        "10to50": 1.0,
        "50toInf": 1.0
    },
    "DYGToLLG": {
        "Inclusive": 99.076394
    },
    "TT": {
        "TTto2L2Nu": 71.602194,
        "TTtoLNu2Q": 296.947583
    },
    "ST": {
        "s-channel": 3.572507,
        "t-channel-antitop": 63.698563,
        "t-channel-top": 105.348185
    },
    "TW": {
        "antitop": 32.513893,
        "top": 32.306048
    },
    "TTV": {
        "TTWtoLNu": 0.336921,
        "TTZtoLL": 0.075065
    },
    "RareTop": {
        "THQ": 1.0,
        "THW": 1.0,
        "TTHH": 1.0,
        "TTTJ": 1.0,
        "TTTT": 0.008115,
        "TTTW": 1.0,
        "TTWH": 1.0,
        "TTWW": 1.0,
        "TTWZ": 1.0,
        "TTZH": 1.0,
        "TTZZ": 1.0,
        "TZQB": 0.077497
    },
    "VVSS": {
        "WpWpEWK": 1.0,
        "WpWpQCD": 1.0
    },
    "VV": {
        "WWto2L2Nu": 11.071138,
        "WWto4Q": 86.01858,
        "WWtoLNu2Q": 84.963995,
        "WZto2L2Q": 9.538185,
        "WZto3LNu": 8.499831,
        "WZtoLNu2Q": 15.049112,
        "ZZto2L2Nu": 0.983877,
        "ZZto2L2Q": 5.510765,
        "ZZto2Nu2Q": 6.961969,
        "ZZto4L": 1.322389
    },
    "VVV": {
        "WWW": 0.21525,
        "WWZ": 0.170681,
        "WZZ": 0.05708,
        "ZZZ": 0.014772
    },
    "Higgs": {
        "GGHHto2W": 21.347147,
        "GGHHtoZZ": 28.870246,
        "TTHtoNon2B": 0.500137,
        "VBFHto2Zto2L2Nu": 3.933863,
        "VBFHto2Zto4L": 3.959904,
        "WminusHHto2C": 0.17729,
        "WminusHHto2B": 0.177304,
        "WplusHHtoZG": 0.54092,
        "bbHto2Z": 1.0
    },
    "QCDEM": {
        "15to20": 1.000114,
        "20to30": 1.0,
        "30to50": 1.0,
        "50to80": 1.0,
        "80to120": 1.000157,
        "120to170": 1.000011,
        "170to300": 1.0,
        "300toInf": 1.0
    },
    "QCDMu": {
        "15to20": 1.000155,
        "20to30": 1.000013,
        "30to50": 1.0,
        "50to80": 1.0,
        "80to120": 1.000113,
        "120to170": 1.000024,
        "170to300": 1.0,
        "300to470": 1.0,
        "470to600": 1.000003,
        "600to800": 1.0,
        "800to1000": 1.0,
        "1000": 1.0
    },
    "VLLD-ele": {
        "100": 0.00046,
        "200": 0.048973,
        "300": 0.14018,
        "400": 0.25146,
        "600": 0.25061,
        "800": 0.598237,
        "1000": 0.62541,
        "1200": 0.57094,
        "1400": 0.490404
    },
    "VLLD-mu": {
        "100": 0.00046,
        "200": 0.048966,
        "300": 0.1402,
        "400": 0.251182,
        "600": 0.46532,
        "800": 0.59888,
        "1000": 0.62717,
        "1200": 0.57573,
        "1400": 0.48613
    }
}