{
    "WtoLNu": {
        "Inclusive": 176217.54044
    },
    "WGtoLNuG": {
        "10to100": 1255.945012,
        "100to200": 11.649492,
        "200to400": 0.870214,
        "400to600": 0.054054,
        "600toInf": 0.009827
    },
    "DYto2L": {
        "10to50": 35135.911376,
        "50toInf": 17809.370545
    },
    "DYGToLLG": {
        "M4to50-PT10to100": 177.350413,
        "M4to50-PT100to200": 1.396675,
        "M4to50-PT200toInf": 0.063144,
        "M50-PT10to100": 242.131584,
        "M50-PT100to200": 2.005481,
        "M50-PT200to400": 0.149031,
        "M50-PT400to600": 0.00861,
        "M50-PT600toInf": 0.001491
    },
    "TT": {
        "TTto2L2Nu": 80.521979,
        "TTtoLNu2Q": 333.95438
    },
    "ST": {
        "TBbarQ": 124.579292,
        "TBbartoLplusNuBbar": 2.278785,
        "TbarBQ": 75.803476,
        "TbarBtoLminusNuB": 1.430687
    },
    "TW": {
        "TWminusto2L2Nu": 3.804164,
        "TWminustoLNu2Q": 35.997847,
        "TbarWplusto2L2Nu": 3.807678,
        "TbarWplustoLNu2Q": 36.008791
    },
    "TTV": {
        "TTWtoLNu": 0.284653,
        "TTZtoLL4to50": 0.044736,
        "TTZtoLL50toInf": 0.117269
    },
    "RareTop": {
        "THQ": 1.0,
        "THW": 1.0,
        "TTTT": 0.009665,
        "TTWH": 1.0,
        "TTWW": 1.0,
        "TTWZ": 1.0,
        "TTZH": 1.0,
        "TTZZ": 1.0,
        "TZQB": 0.081595
    },
    "VVSS": {
        "WpWp": 1
    },
    "VV": {
        "WWto2L2Nu": 11.773209,
        "WWto4Q": 50.765847,
        "WWtoLNu2Q": 48.963522,
        "WZto2L2Q": 7.573378,
        "WZto3LNu": 4.914673,
        "WZtoLNu2Q": 15.922662,
        "ZZto2L2Nu": 1.029302,
        "ZZto2L2Q": 6.791293,
        "ZZto2Nu2Q": 4.827997,
        "ZZto4L": 1.390733
    },
    "VVV": {
        "WWW": 0.232797,
        "WWZ": 0.184951,
        "WZZ": 0.062119,
        "ZZZ": 0.015902
    },
    "Higgs": {
        "GGHHto2B": 30.238936,
        "GGHHto2W": 23.089644,
        "GGHHtoZZ": 23.160207,
        "TTHto2Z": 0.559729,
        "VBFHto2B": 4.170956,
        "VBFHto2W": 4.205847,
        "VBFHto2Z": 4.223488,
        "WminusHHto2B": 0.210048,
        "WminusHHto2Z": 0.581339,
        "WplusHHto2B": 0.344435,
        "WplusHHto2Z": 0.921607,
        "ZHHto2B": 0.085401
    },
    "QCDEM": {
        "10to30": 1.0,
        "30to50": 1.0,
        "50to80": 1.0,
        "80to120": 1.000147,
        "120to170": 1.000012,
        "170to300": 1.0,
        "300toInf": 1.0
    },
    "QCDMu": {
        "15to20": 1.000194,
        "20to30": 1.000014,
        "30to50": 1.0,
        "50to80": 1.0,
        "80to120": 1.000101,
        "120to170": 1.000025,
        "170to300": 1.0,
        "300to470": 1.0,
        "470to600": 1.0,
        "600to800": 1.0,
        "800to1000": 1.0,
        "1000": 1.0
    },
    "VLLD-ele": {
        "100": 0.00046,
        "200": 0.048973,
        "300": 0.14018,
        "400": 0.25146,
        "600": 0.25061,
        "800": 0.598237,
        "1000": 0.62541,
        "1200": 0.57094,
        "1400": 0.490404
    },
    "VLLD-mu": {
        "100": 0.00046,
        "200": 0.048966,
        "300": 0.1402,
        "400": 0.251182,
        "600": 0.46532,
        "800": 0.59888,
        "1000": 0.62717,
        "1200": 0.57573,
        "1400": 0.48613
    }
}