{
    "WtoLNu": {
        "Inclusive": 177198.543266
    },
    "WGtoLNuG": {
        "10to100": 1256.854557,
        "100to200": 11.6686,
        "200to400": 0.869437,
        "400to600": 0.053952,
        "600toInf": 0.009821
    },
    "DYto2L": {
        "10to50": 35097.94197,
        "50toInf": 17844.903035
    },
    "DYGToLLG": {
        "M4to50-PT10to100": 177.730438,
        "M4to50-PT100to200": 1.395768,
        "M4to50-PT200toInf": 0.063073,
        "M50-PT10to50": 242.503835,
        "M50-PT50to100": 71.944348,
        "M50-PT100to200": 2.002016,
        "M50-PT200to400": 0.148237,
        "M50-PT400to600": 0.008615,
        "M50-PT600toInf": 0.001489
    },
    "TT": {
        "TTto2L2Nu": 80.371691,
        "TTtoLNu2Q": 334.189991
    },
    "ST": {
        "TBbarQ": 124.748544,
        "TBbartoLplusNuBbar": 2.275039,
        "TbarBQ": 75.624407,
        "TbarBtoLminusNuB": 1.425766
    },
    "TW": {
        "TWminusto2L2Nu": 3.793312,
        "TWminustoLNu2Q": 35.998201,
        "TbarWplusto2L2Nu": 3.796408,
        "TbarWplustoLNu2Q": 36.004203
    },
    "TTV": {
        "TTWtoLNu": 0.450663,
        "TTZtoLL4to50": 0.039443,
        "TTZtoLL50toInf": 0.086465
    },
    "RareTop": {
        "THQ": 1.0,
        "THW": 1.0,
        "TTTT": 0.00967,
        "TTWH": 1.0,
        "TTWW": 1.0,
        "TTWZ": 1.0,
        "TTZH": 1.0,
        "TTZZ": 1.0,
        "TZQB": 0.081711
    },
    "VVSS": {
        "WpWp": 1.0
    },
    "VV": {
        "WWto2L2Nu": 11.869643,
        "WWto4Q": 50.769741,
        "WWtoLNu2Q": 48.430448,
        "WZto2L2Q": 7.54091,
        "WZto3LNu": 4.927727,
        "WZtoLNu2Q": 15.962429,
        "ZZto2L2Nu": 1.034736,
        "ZZto2L2Q": 6.789385,
        "ZZto2Nu2Q": 4.821028,
        "ZZto4L": 1.380343
    },
    "VVV": {
        "WWW": 0.232646,
        "WWZ": 0.184885,
        "WZZ": 0.062133,
        "ZZZ": 0.01593
    },
    "Higgs": {
        "GGHHto2B": 30.228122,
        "GGHHto2W": 23.149706,
        "GGHHtoZZ": 23.133443,
        "TTHto2B": 0.573169,
        "TTHto2Z": 0.559433,
        "VBFHto2B": 4.180769,
        "VBFHto2W": 4.200493,
        "VBFHto2Z": 4.228296,
        "WminusHHto2B": 0.237484,
        "WplusHHto2B": 0.618476,
        "ZHHto2B": 0.085361
    },
    "QCDEM": {
        "10to30": 1.0,
        "30to50": 1.0,
        "50to80": 1.0,
        "80to120": 1.000147,
        "120to170": 1.000012,
        "170to300": 1.0,
        "300toInf": 1.0
    },
    "QCDMu": {
        "15to20": 1.000178,
        "20to30": 1.000013,
        "30to50": 1.0,
        "50to80": 1.0,
        "80to120": 1.000098,
        "120to170": 1.000025,
        "170to300": 1.0,
        "300to470": 1.0,
        "470to600": 1.0,
        "600to800": 1.0,
        "800to1000": 1.0,
        "1000": 1.0
    },
    "VLLD-ele": {
        "100": 0.00046,
        "200": 0.048973,
        "300": 0.14018,
        "400": 0.25146,
        "600": 0.25061,
        "800": 0.598237,
        "1000": 0.62541,
        "1200": 0.57094,
        "1400": 0.490404
    },
    "VLLD-mu": {
        "100": 0.00046,
        "200": 0.048966,
        "300": 0.1402,
        "400": 0.251182,
        "600": 0.46532,
        "800": 0.59888,
        "1000": 0.62717,
        "1200": 0.57573,
        "1400": 0.48613
    }
}