{
    "WtoLNu": {
        "Inclusive": 172180.302589,
        "70to100": 1.0,
        "100to200": 1.0,
        "200to400": 1.0,
        "400to600": 1.0,
        "600to800": 1.0,
        "800to1200": 1.0,
        "1200to2500": 1.0,
        "2500toInf": 1.0
    },
    "WGtoLNuG": {
        "Inclusive": 358.034864
    },
    "DYto2L": {
        "10to50": 1.0,
        "50toInf": 1.0
    },
    "DYGToLLG": {
        "Inclusive": 98.939407
    },
    "TT": {
        "TTto2L2Nu": 71.589868,
        "TTtoLNu2Q": 297.370282
    },
    "ST": {
        "s-channel": 3.570217,
        "t-channel-antitop": 63.348757,
        "t-channel-top": 105.520018
    },
    "TW": {
        "antitop": 32.524237,
        "top": 32.271652
    },
    "TTV": {
        "TTWtoLNu": 0.336819,
        "TTZtoLL": 0.075079
    },
    "RareTop": {
        "THQ": 1.0,
        "THW": 1.0,
        "TTHH": 1.0,
        "TTTJ": 1.0,
        "TTTT": 0.008115,
        "TTTW": 1.0,
        "TTWH": 1.0,
        "TTWW": 1.0,
        "TTWZ": 1.0,
        "TTZH": 1.0,
        "TTZZ": 1.0,
        "TZQB": 0.07734
    },
    "VVSS": {
        "WpWpEWK": 1.0,
        "WpWpQCD": 1.0
    },
    "VV": {
        "WWto2L2Nu": 11.071406,
        "WWto4Q": 85.919934,
        "WWtoLNu2Q": 85.171563,
        "WZto2L2Q": 9.58958,
        "WZto3LNu": 8.499559,
        "WZtoLNu2Q": 15.032597,
        "ZZto2L2Nu": 0.987399,
        "ZZto2L2Q": 5.517465,
        "ZZto2Nu2Q": 7.608628,
        "ZZto4L": 1.326437
    },
    "VVV": {
        "WWW": 0.215637,
        "WWZ": 0.170781,
        "WZZ": 0.057084,
        "ZZZ": 0.014764
    },
    "Higgs": {
        "GGHHto2W": 21.405515,
        "GGHHtoZZ": 28.867804,
        "TTHtoNon2B": 0.500886,
        "VBFHto2Zto2L2Nu": 3.933034,
        "VBFHto2Zto4L": 3.933032,
        "WminusHHto2C": 0.177325,
        "WminusHHto2B": 0.177335,
        "WplusHHtoZG": 0.541578,
        "bbHto2Z": 1.0
    },
    "QCDEM": {
        "15to20": 1.000115,
        "20to30": 1.0,
        "30to50": 1.0,
        "50to80": 1.0,
        "80to120": 1.000161,
        "120to170": 1.000012,
        "170to300": 1.0,
        "300toInf": 1.0
    },
    "QCDMu": {
        "15to20": 1.000158,
        "20to30": 1.000014,
        "30to50": 1.0,
        "50to80": 1.0,
        "80to120": 1.000114,
        "120to170": 1.000025,
        "170to300": 1.0,
        "300to470": 1.0,
        "470to600": 1.000003,
        "600to800": 1.0,
        "800to1000": 1.0,
        "1000": 1.0
    },
    "VLLD-ele": {
        "100": 0.000462,
        "200": 0.04891,
        "300": 0.140121,
        "400": 0.251343,
        "600": 0.25105,
        "800": 0.59808,
        "1000": 0.62721,
        "1200": 0.576414,
        "1400": 0.4859
    },
    "VLLD-mu": {
        "100": 0.000462,
        "200": 0.048973,
        "300": 0.14018,
        "400": 0.25116,
        "600": 0.46558,
        "800": 0.5989,
        "1000": 0.62633,
        "1200": 0.57588,
        "1400": 0.48541
    }
}