{
    "WtoLNu": {
        "Inclusive": 177218.927644
    },
    "WGtoLNuG": {
        "10to100": 1257.456514,
        "100to200": 11.688156,
        "200to400": 0.866703,
        "400to600": 0.053843,
        "600toInf": 0.009829
    },
    "DYto2L": {
        "10to50": 35092.563596,
        "50toInf": 17841.265185
    },
    "DYGToLLG": {
        "M4to50-PT10to100": 177.068463,
        "M4to50-PT100to200": 1.401414,
        "M4to50-PT200toInf": 0.063237,
        "M50-PT10to50": 242.228941,
        "M50-PT50to100": 71.856846,
        "M50-PT100to200": 1.999119,
        "M50-PT200to400": 0.147627,
        "M50-PT400to600": 0.008641,
        "M50-PT600toInf": 0.001491
    },
    "TT": {
        "TTto2L2Nu": 80.326329,
        "TTtoLNu2Q": 334.365101
    },
    "ST": {
        "TBbarQ": 124.63072,
        "TBbartoLplusNuBbar": 2.274353,
        "TbarBQ": 75.827184,
        "TbarBtoLminusNuB": 1.431132
    },
    "TW": {
        "TWminusto2L2Nu": 3.787786,
        "TWminustoLNu2Q": 35.997489,
        "TbarWplusto2L2Nu": 3.803547,
        "TbarWplustoLNu2Q": 36.015458
    },
    "TTV": {
        "TTWtoLNu": 0.451046,
        "TTZtoLL4to50": 0.039427,
        "TTZtoLL50toInf": 0.0866
    },
    "RareTop": {
        "THQ": 1.0,
        "THW": 1.0,
        "TTTT": 0.009654,
        "TTWH": 1.0,
        "TTWW": 1.0,
        "TTZH": 1.0,
        "TTZZ": 1.0,
        "TZQB": 0.081331
    },
    "VVSS": {
        "WpWp": 1.0
    },
    "VV": {
        "WWto2L2Nu": 11.813813,
        "WWto4Q": 50.779093,
        "WWtoLNu2Q": 48.526356,
        "WZto2L2Q": 7.546863,
        "WZto3LNu": 4.919886,
        "WZtoLNu2Q": 15.94305,
        "ZZto2L2Nu": 1.032106,
        "ZZto2L2Q": 6.79403,
        "ZZto2Nu2Q": 4.825551,
        "ZZto4L": 1.380608
    },
    "VVV": {
        "WWW": 0.232364,
        "WWZ": 0.18502,
        "WZZ": 0.062115,
        "ZZZ": 0.015931
    },
    "Higgs": {
        "GGHHto2B": 30.219524,
        "GGHHto2W": 23.129815,
        "GGHHtoZZ": 23.163212,
        "TTHto2B": 0.57313,
        "TTHto2Z": 0.559879,
        "VBFHto2B": 4.180715,
        "VBFHto2W": 4.202966,
        "VBFHto2Z": 4.227067,
        "WminusHHto2B": 0.188933,
        "WplusHHto2B": 0.301059,
        "ZHHto2B": 0.085413
    },
    "QCDEM": {
        "10to30": 1.0,
        "30to50": 1.0,
        "50to80": 1.0,
        "80to120": 1.00014,
        "120to170": 1.000013,
        "170to300": 1.0,
        "300toInf": 1.0
    },
    "QCDMu": {
        "15to20": 1.000181,
        "20to30": 1.000014,
        "30to50": 1.0,
        "50to80": 1.0,
        "80to120": 1.000097,
        "120to170": 1.000026,
        "170to300": 1.0,
        "300to470": 1.0,
        "470to600": 1.0,
        "600to800": 1.0,
        "800to1000": 1.0,
        "1000": 1.0
    },
    "VLLD-ele": {
        "100": 0.00046,
        "200": 0.048973,
        "300": 0.14018,
        "400": 0.25146,
        "600": 0.25061,
        "800": 0.598237,
        "1000": 0.62541,
        "1200": 0.57094,
        "1400": 0.490404
    },
    "VLLD-mu": {
        "100": 0.00046,
        "200": 0.048966,
        "300": 0.1402,
        "400": 0.251182,
        "600": 0.46532,
        "800": 0.59888,
        "1000": 0.62717,
        "1200": 0.57573,
        "1400": 0.48613
    }
}