{
  "VLLD_ele_M100": {
    "xsec": 16.9,
    "nGenerated": 110871
  },
  "VLLD_ele_M200": {
    "xsec": 1.36,
    "nGenerated": 73730
  },
  "VLLD_ele_M300": {
    "xsec": 0.291,
    "nGenerated": 24753
  },
  "VLLD_ele_M400": {
    "xsec": 0.0907,
    "nGenerated": 24491
  },
  "VLLD_ele_M600": {
    "xsec": 0.0149,
    "nGenerated": 24611
  },
  "VLLD_ele_M800": {
    "xsec": 0.00347,
    "nGenerated": 23680
  },
  "VLLD_ele_M1000": {
    "xsec": 0.000971,
    "nGenerated": 24286
  },
  "VLLD_mu_M100": {
    "xsec": 16.9,
    "nGenerated": 111926
  },
  "VLLD_mu_M200": {
    "xsec": 1.36,
    "nGenerated": 73908
  },
  "VLLD_mu_M300": {
    "xsec": 0.291,
    "nGenerated": 25022
  },
  "VLLD_mu_M400": {
    "xsec": 0.0907,
    "nGenerated": 24299
  },
  "VLLD_mu_M600": {
    "xsec": 0.0149,
    "nGenerated": 24890
  },
  "VLLD_mu_M800": {
    "xsec": 0.00347,
    "nGenerated": 24763
  }
}
